-- phpMyAdmin SQL Dump
-- version 5.2.1
-- https://www.phpmyadmin.net/
--
-- Hôte : 127.0.0.1
-- Généré le : lun. 22 déc. 2025 à 23:40
-- Version du serveur : 10.4.32-MariaDB
-- Version de PHP : 8.2.12

SET SQL_MODE = "NO_AUTO_VALUE_ON_ZERO";
START TRANSACTION;
SET time_zone = "+00:00";


/*!40101 SET @OLD_CHARACTER_SET_CLIENT=@@CHARACTER_SET_CLIENT */;
/*!40101 SET @OLD_CHARACTER_SET_RESULTS=@@CHARACTER_SET_RESULTS */;
/*!40101 SET @OLD_COLLATION_CONNECTION=@@COLLATION_CONNECTION */;
/*!40101 SET NAMES utf8mb4 */;

--
-- Base de données : `parking_app`
--

-- --------------------------------------------------------

--
-- Structure de la table `parkings`
--

CREATE TABLE `parkings` (
  `id` bigint(20) NOT NULL,
  `owner_id` bigint(20) NOT NULL,
  `latitude` decimal(10,8) NOT NULL,
  `longitude` decimal(11,8) NOT NULL,
  `capacity` int(11) NOT NULL,
  `hourly_rate` decimal(10,2) NOT NULL,
  `daily_rate` decimal(10,2) NOT NULL,
  `monthly_rate` decimal(10,2) NOT NULL,
  `opening_time` time NOT NULL,
  `closing_time` time NOT NULL,
  `note` decimal(2,1) NOT NULL DEFAULT 0.0,
  `image` varchar(255) DEFAULT NULL,
  `created_at` datetime NOT NULL DEFAULT current_timestamp(),
  `updated_at` datetime NOT NULL DEFAULT current_timestamp() ON UPDATE current_timestamp(),
  `address` varchar(255) NOT NULL DEFAULT '',
  `opening_days` longtext CHARACTER SET utf8mb4 COLLATE utf8mb4_bin NOT NULL CHECK (json_valid(`opening_days`))
) ENGINE=InnoDB DEFAULT CHARSET=utf8mb4 COLLATE=utf8mb4_unicode_ci;

--
-- Déchargement des données de la table `parkings`
--

INSERT INTO `parkings` (`id`, `owner_id`, `latitude`, `longitude`, `capacity`, `hourly_rate`, `daily_rate`, `monthly_rate`, `opening_time`, `closing_time`, `note`, `image`, `created_at`, `updated_at`, `address`, `opening_days`) VALUES
(1, 1, 48.85660000, 2.35220000, 10, 2.50, 20.00, 150.00, '08:00:00', '22:00:00', 4.5, NULL, '2025-12-14 12:57:41', '2025-12-22 21:51:08', '', '[1,2,3,4,5]'),
(2, 8, 48.85660000, 2.35220000, 10, 2.50, 0.00, 0.00, '08:00:00', '22:00:00', 0.0, NULL, '2025-12-16 19:41:07', '2025-12-16 19:41:07', '', ''),
(3, 8, 48.85660000, 2.35220000, 10, 2.50, 0.00, 0.00, '08:00:00', '22:00:00', 0.0, NULL, '2025-12-16 21:40:53', '2025-12-16 21:40:53', '', ''),
(4, 15, 48.85660000, 2.35220000, 10, 2.50, 0.00, 0.00, '08:00:00', '22:00:00', 0.0, NULL, '2025-12-20 12:15:59', '2025-12-20 12:15:59', '', ''),
(5, 15, 48.85660000, 2.35220000, 10, 2.50, 0.00, 0.00, '08:00:00', '22:00:00', 0.0, NULL, '2025-12-20 12:46:47', '2025-12-20 12:46:47', '10 Rue de Rivoli, 75004 Paris', '[1,4]'),
(7, 15, 48.87392000, 2.32484600, 45, 3.00, 0.00, 0.00, '08:00:00', '22:00:00', 0.0, NULL, '2025-12-20 13:53:58', '2025-12-20 13:53:58', '69 Boulevard Haussmann 75008 Paris', '[1,2,3,4,5]'),
(8, 15, 48.87361700, 2.34072200, 42, 4.00, 0.00, 0.00, '08:00:00', '22:00:00', 0.0, NULL, '2025-12-20 16:25:29', '2025-12-20 16:25:29', '18 Rue Drouot 75009 Paris', '[1,2,3,4,5,6,7]'),
(9, 15, 48.87128500, 2.30285900, 2, 10.00, 0.00, 0.00, '00:00:00', '23:59:00', 0.0, NULL, '2025-12-20 22:35:02', '2025-12-20 22:35:02', 'Avenue des Champs Elysées 75008 Paris', '[1,2,3,4,5,6,7]'),
(10, 45, 48.85660000, 2.35220000, 10, 2.50, 0.00, 0.00, '08:00:00', '22:00:00', 0.0, NULL, '2025-12-22 21:09:25', '2025-12-22 21:09:25', '', '[1,2,3,4,5,6,7]'),
(11, 46, 48.85660000, 2.35220000, 10, 2.50, 0.00, 0.00, '08:00:00', '22:00:00', 0.0, NULL, '2025-12-22 21:09:25', '2025-12-22 21:09:25', '', '[1,2,3,4,5,6,7]'),
(12, 48, 48.85660000, 2.35220000, 10, 2.50, 0.00, 0.00, '08:00:00', '22:00:00', 0.0, NULL, '2025-12-22 21:11:41', '2025-12-22 21:11:41', '', '[1,2,3,4,5,6,7]'),
(13, 49, 48.85660000, 2.35220000, 10, 2.50, 0.00, 0.00, '08:00:00', '22:00:00', 0.0, NULL, '2025-12-22 21:11:41', '2025-12-22 21:11:41', '', '[1,2,3,4,5,6,7]'),
(14, 51, 48.85660000, 2.35220000, 10, 2.50, 0.00, 0.00, '08:00:00', '22:00:00', 0.0, NULL, '2025-12-22 21:12:33', '2025-12-22 21:12:33', '', '[1,2,3,4,5,6,7]'),
(15, 52, 48.85660000, 2.35220000, 10, 2.50, 0.00, 0.00, '08:00:00', '22:00:00', 0.0, NULL, '2025-12-22 21:12:34', '2025-12-22 21:12:34', '', '[1,2,3,4,5,6,7]'),
(16, 54, 48.85660000, 2.35220000, 10, 2.50, 0.00, 0.00, '08:00:00', '22:00:00', 0.0, NULL, '2025-12-22 21:14:14', '2025-12-22 21:14:14', '', '[1,2,3,4,5,6,7]'),
(17, 57, 48.85660000, 2.35220000, 10, 2.50, 0.00, 0.00, '08:00:00', '22:00:00', 0.0, NULL, '2025-12-22 21:14:51', '2025-12-22 21:14:51', '', '[1,2,3,4,5,6,7]'),
(18, 62, 48.85660000, 2.35220000, 10, 2.50, 0.00, 0.00, '08:00:00', '22:00:00', 0.0, NULL, '2025-12-22 21:17:48', '2025-12-22 21:17:48', '', '[1,2,3,4,5,6,7]'),
(19, 64, 48.85660000, 2.35220000, 10, 2.50, 0.00, 0.00, '08:00:00', '22:00:00', 0.0, NULL, '2025-12-22 21:18:47', '2025-12-22 21:18:47', '', '[1,2,3,4,5,6,7]'),
(20, 66, 48.85660000, 2.35220000, 10, 2.50, 0.00, 0.00, '08:00:00', '22:00:00', 0.0, NULL, '2025-12-22 21:19:36', '2025-12-22 21:19:36', '', '[1,2,3,4,5,6,7]'),
(21, 67, 48.85660000, 2.35220000, 10, 2.50, 0.00, 0.00, '08:00:00', '22:00:00', 0.0, NULL, '2025-12-22 21:19:55', '2025-12-22 21:19:55', '', '[1,2,3,4,5,6,7]'),
(22, 68, 48.85660000, 2.35220000, 10, 2.50, 0.00, 0.00, '08:00:00', '22:00:00', 0.0, NULL, '2025-12-22 21:22:43', '2025-12-22 21:22:43', '', '[1,2,3,4,5,6,7]'),
(23, 70, 48.85660000, 2.35220000, 10, 2.50, 0.00, 0.00, '08:00:00', '22:00:00', 0.0, NULL, '2025-12-22 21:25:23', '2025-12-22 21:25:23', '', '[1,2,3,4,5,6,7]'),
(24, 75, 48.85660000, 2.35220000, 10, 2.50, 0.00, 0.00, '08:00:00', '22:00:00', 0.0, NULL, '2025-12-22 21:32:34', '2025-12-22 21:32:34', '', '[1,2,3,4,5,6,7]'),
(25, 76, 48.85660000, 2.35220000, 10, 2.50, 0.00, 0.00, '08:00:00', '22:00:00', 0.0, NULL, '2025-12-22 21:32:34', '2025-12-22 21:32:34', '', '[1,2,3,4,5,6,7]'),
(26, 79, 48.85660000, 2.35220000, 10, 2.50, 0.00, 0.00, '08:00:00', '22:00:00', 0.0, NULL, '2025-12-22 21:32:39', '2025-12-22 21:32:39', '', '[1,2,3,4,5,6,7]'),
(27, 80, 48.85660000, 2.35220000, 10, 2.50, 0.00, 0.00, '08:00:00', '22:00:00', 0.0, NULL, '2025-12-22 21:32:43', '2025-12-22 21:32:43', '', '[1,2,3,4,5,6,7]'),
(28, 95, 48.85660000, 2.35220000, 10, 2.50, 0.00, 0.00, '08:00:00', '22:00:00', 0.0, NULL, '2025-12-22 21:36:54', '2025-12-22 21:36:54', '', '[1,2,3,4,5,6,7]'),
(29, 96, 48.85660000, 2.35220000, 10, 2.50, 0.00, 0.00, '08:00:00', '22:00:00', 0.0, NULL, '2025-12-22 21:36:54', '2025-12-22 21:36:54', '', '[1,2,3,4,5,6,7]'),
(30, 19, 44.84426200, -0.54390500, 20, 6.00, 0.00, 0.00, '08:00:00', '22:00:00', 0.0, NULL, '2025-12-22 21:40:02', '2025-12-22 21:40:02', 'Rue Raymond Poincare 33100 Bordeaux', '[1,2,3,4,5,6,7]'),
(31, 99, 48.85660000, 2.35220000, 10, 2.50, 0.00, 0.00, '08:00:00', '22:00:00', 0.0, NULL, '2025-12-22 21:41:44', '2025-12-22 21:41:44', '', '[1,2,3,4,5,6,7]'),
(32, 100, 48.85660000, 2.35220000, 10, 2.50, 0.00, 0.00, '08:00:00', '22:00:00', 0.0, NULL, '2025-12-22 21:41:44', '2025-12-22 21:41:44', '', '[1,2,3,4,5,6,7]'),
(33, 103, 48.85660000, 2.35220000, 10, 2.50, 0.00, 0.00, '08:00:00', '22:00:00', 0.0, NULL, '2025-12-22 21:42:50', '2025-12-22 21:42:50', '', '[1,2,3,4,5,6,7]'),
(34, 104, 48.85660000, 2.35220000, 10, 2.50, 0.00, 0.00, '08:00:00', '22:00:00', 0.0, NULL, '2025-12-22 21:42:50', '2025-12-22 21:42:50', '', '[1,2,3,4,5,6,7]'),
(35, 107, 48.85660000, 2.35220000, 10, 2.50, 0.00, 0.00, '08:00:00', '22:00:00', 0.0, NULL, '2025-12-22 21:43:19', '2025-12-22 21:43:19', '', '[1,2,3,4,5,6,7]'),
(36, 108, 48.85660000, 2.35220000, 10, 2.50, 0.00, 0.00, '08:00:00', '22:00:00', 0.0, NULL, '2025-12-22 21:43:19', '2025-12-22 21:43:19', '', '[1,2,3,4,5,6,7]'),
(37, 111, 48.85660000, 2.35220000, 10, 2.50, 0.00, 0.00, '08:00:00', '22:00:00', 0.0, NULL, '2025-12-22 21:47:25', '2025-12-22 21:47:25', '', '[1,2,3,4,5,6,7]'),
(38, 112, 48.85660000, 2.35220000, 10, 2.50, 0.00, 0.00, '08:00:00', '22:00:00', 0.0, NULL, '2025-12-22 21:47:25', '2025-12-22 21:47:25', '', '[1,2,3,4,5,6,7]'),
(39, 115, 48.85660000, 2.35220000, 10, 2.50, 0.00, 0.00, '08:00:00', '22:00:00', 0.0, NULL, '2025-12-22 21:48:10', '2025-12-22 21:48:10', '', '[1,2,3,4,5,6,7]'),
(40, 116, 48.85660000, 2.35220000, 10, 2.50, 0.00, 0.00, '08:00:00', '22:00:00', 0.0, NULL, '2025-12-22 21:48:10', '2025-12-22 21:48:10', '', '[1,2,3,4,5,6,7]'),
(41, 119, 48.85660000, 2.35220000, 10, 2.50, 0.00, 0.00, '08:00:00', '22:00:00', 0.0, NULL, '2025-12-22 21:51:12', '2025-12-22 21:51:12', '', '[1,2,3,4,5,6,7]'),
(42, 120, 48.85660000, 2.35220000, 10, 2.50, 0.00, 0.00, '08:00:00', '22:00:00', 0.0, NULL, '2025-12-22 21:51:12', '2025-12-22 21:51:12', '', '[1,2,3,4,5,6,7]'),
(43, 123, 48.85660000, 2.35220000, 10, 2.50, 0.00, 0.00, '08:00:00', '22:00:00', 0.0, NULL, '2025-12-22 21:51:26', '2025-12-22 21:51:26', '', '[1,2,3,4,5,6,7]'),
(44, 124, 48.85660000, 2.35220000, 10, 2.50, 0.00, 0.00, '08:00:00', '22:00:00', 0.0, NULL, '2025-12-22 21:51:27', '2025-12-22 21:51:27', '', '[1,2,3,4,5,6,7]'),
(45, 127, 48.85660000, 2.35220000, 10, 2.50, 0.00, 0.00, '08:00:00', '22:00:00', 0.0, NULL, '2025-12-22 21:54:43', '2025-12-22 21:54:43', '', '[1,2,3,4,5,6,7]'),
(46, 128, 48.85660000, 2.35220000, 10, 2.50, 0.00, 0.00, '08:00:00', '22:00:00', 0.0, NULL, '2025-12-22 21:54:43', '2025-12-22 21:54:43', '', '[1,2,3,4,5,6,7]'),
(47, 131, 48.85660000, 2.35220000, 10, 2.50, 0.00, 0.00, '08:00:00', '22:00:00', 0.0, NULL, '2025-12-22 21:55:22', '2025-12-22 21:55:22', '', '[1,2,3,4,5,6,7]'),
(48, 132, 48.85660000, 2.35220000, 10, 2.50, 0.00, 0.00, '08:00:00', '22:00:00', 0.0, NULL, '2025-12-22 21:55:23', '2025-12-22 21:55:23', '', '[1,2,3,4,5,6,7]'),
(49, 135, 48.85660000, 2.35220000, 10, 2.50, 0.00, 0.00, '08:00:00', '22:00:00', 0.0, NULL, '2025-12-22 22:14:27', '2025-12-22 22:14:27', '', '[1,2,3,4,5,6,7]'),
(50, 136, 48.85660000, 2.35220000, 10, 2.50, 0.00, 0.00, '08:00:00', '22:00:00', 0.0, NULL, '2025-12-22 22:14:27', '2025-12-22 22:14:27', '', '[1,2,3,4,5,6,7]'),
(51, 139, 48.85660000, 2.35220000, 10, 2.50, 0.00, 0.00, '08:00:00', '22:00:00', 0.0, NULL, '2025-12-22 22:14:38', '2025-12-22 22:14:38', '', '[1,2,3,4,5,6,7]'),
(52, 140, 48.85660000, 2.35220000, 10, 2.50, 0.00, 0.00, '08:00:00', '22:00:00', 0.0, NULL, '2025-12-22 22:14:39', '2025-12-22 22:14:39', '', '[1,2,3,4,5,6,7]'),
(53, 143, 48.85660000, 2.35220000, 10, 2.50, 0.00, 0.00, '08:00:00', '22:00:00', 0.0, NULL, '2025-12-22 22:14:48', '2025-12-22 22:14:48', '', '[1,2,3,4,5,6,7]'),
(54, 144, 48.85660000, 2.35220000, 10, 2.50, 0.00, 0.00, '08:00:00', '22:00:00', 0.0, NULL, '2025-12-22 22:14:48', '2025-12-22 22:14:48', '', '[1,2,3,4,5,6,7]'),
(55, 147, 48.85660000, 2.35220000, 10, 2.50, 0.00, 0.00, '08:00:00', '22:00:00', 0.0, NULL, '2025-12-22 22:15:08', '2025-12-22 22:15:08', '', '[1,2,3,4,5,6,7]'),
(56, 148, 48.85660000, 2.35220000, 10, 2.50, 0.00, 0.00, '08:00:00', '22:00:00', 0.0, NULL, '2025-12-22 22:15:08', '2025-12-22 22:15:08', '', '[1,2,3,4,5,6,7]'),
(57, 150, 48.85660000, 2.35220000, 10, 2.50, 0.00, 0.00, '08:00:00', '22:00:00', 0.0, NULL, '2025-12-22 22:19:12', '2025-12-22 22:19:12', '', '[1,2,3,4,5,6,7]'),
(58, 151, 48.85660000, 2.35220000, 10, 2.50, 0.00, 0.00, '08:00:00', '22:00:00', 0.0, NULL, '2025-12-22 22:19:12', '2025-12-22 22:19:12', '', '[1,2,3,4,5,6,7]'),
(59, 153, 48.85660000, 2.35220000, 10, 2.50, 0.00, 0.00, '08:00:00', '22:00:00', 0.0, NULL, '2025-12-22 22:20:00', '2025-12-22 22:20:00', '', '[1,2,3,4,5,6,7]'),
(60, 154, 48.85660000, 2.35220000, 10, 2.50, 0.00, 0.00, '08:00:00', '22:00:00', 0.0, NULL, '2025-12-22 22:20:00', '2025-12-22 22:20:00', '', '[1,2,3,4,5,6,7]'),
(61, 156, 48.85660000, 2.35220000, 10, 2.50, 0.00, 0.00, '08:00:00', '22:00:00', 0.0, NULL, '2025-12-22 22:20:41', '2025-12-22 22:20:41', '', '[1,2,3,4,5,6,7]'),
(62, 157, 48.85660000, 2.35220000, 10, 2.50, 0.00, 0.00, '08:00:00', '22:00:00', 0.0, NULL, '2025-12-22 22:20:45', '2025-12-22 22:20:45', '', '[1,2,3,4,5,6,7]'),
(63, 159, 48.85660000, 2.35220000, 10, 2.50, 0.00, 0.00, '08:00:00', '22:00:00', 0.0, NULL, '2025-12-22 22:23:50', '2025-12-22 22:23:50', '', '[1,2,3,4,5,6,7]'),
(64, 160, 48.85660000, 2.35220000, 10, 2.50, 0.00, 0.00, '08:00:00', '22:00:00', 0.0, NULL, '2025-12-22 22:23:54', '2025-12-22 22:23:54', '', '[1,2,3,4,5,6,7]'),
(65, 162, 48.85660000, 2.35220000, 10, 2.50, 0.00, 0.00, '08:00:00', '22:00:00', 0.0, NULL, '2025-12-22 22:25:41', '2025-12-22 22:25:41', '', '[1,2,3,4,5,6,7]'),
(66, 163, 48.85660000, 2.35220000, 10, 2.50, 0.00, 0.00, '08:00:00', '22:00:00', 0.0, NULL, '2025-12-22 22:25:46', '2025-12-22 22:25:46', '', '[1,2,3,4,5,6,7]'),
(67, 166, 48.85660000, 2.35220000, 10, 2.50, 0.00, 0.00, '08:00:00', '22:00:00', 0.0, NULL, '2025-12-22 22:39:55', '2025-12-22 22:39:55', '', '[1,2,3,4,5,6,7]'),
(68, 167, 48.85660000, 2.35220000, 10, 2.50, 0.00, 0.00, '08:00:00', '22:00:00', 0.0, NULL, '2025-12-22 22:39:59', '2025-12-22 22:39:59', '', '[1,2,3,4,5,6,7]'),
(69, 169, 48.85660000, 2.35220000, 10, 2.50, 0.00, 0.00, '08:00:00', '22:00:00', 0.0, NULL, '2025-12-22 22:41:04', '2025-12-22 22:41:04', '', '[1,2,3,4,5,6,7]'),
(70, 170, 48.85660000, 2.35220000, 10, 2.50, 0.00, 0.00, '08:00:00', '22:00:00', 0.0, NULL, '2025-12-22 22:41:08', '2025-12-22 22:41:08', '', '[1,2,3,4,5,6,7]'),
(71, 172, 48.85660000, 2.35220000, 10, 2.50, 0.00, 0.00, '08:00:00', '22:00:00', 0.0, NULL, '2025-12-22 22:43:40', '2025-12-22 22:43:40', '', '[1,2,3,4,5,6,7]'),
(72, 173, 48.85660000, 2.35220000, 10, 2.50, 0.00, 0.00, '08:00:00', '22:00:00', 0.0, NULL, '2025-12-22 22:43:44', '2025-12-22 22:43:44', '', '[1,2,3,4,5,6,7]'),
(73, 175, 48.85660000, 2.35220000, 10, 2.50, 0.00, 0.00, '08:00:00', '22:00:00', 0.0, NULL, '2025-12-22 22:44:37', '2025-12-22 22:44:37', '', '[1,2,3,4,5,6,7]'),
(74, 176, 48.85660000, 2.35220000, 10, 2.50, 0.00, 0.00, '08:00:00', '22:00:00', 0.0, NULL, '2025-12-22 22:44:38', '2025-12-22 22:44:38', '', '[1,2,3,4,5,6,7]'),
(75, 180, 48.85660000, 2.35220000, 10, 2.50, 0.00, 0.00, '08:00:00', '22:00:00', 0.0, NULL, '2025-12-22 22:49:13', '2025-12-22 22:49:13', '', '[1,2,3,4,5,6,7]'),
(76, 181, 48.85660000, 2.35220000, 10, 2.50, 0.00, 0.00, '08:00:00', '22:00:00', 0.0, NULL, '2025-12-22 22:49:13', '2025-12-22 22:49:13', '', '[1,2,3,4,5,6,7]'),
(77, 184, 48.85660000, 2.35220000, 10, 2.50, 0.00, 0.00, '08:00:00', '22:00:00', 0.0, NULL, '2025-12-22 22:49:20', '2025-12-22 22:49:20', '', '[1,2,3,4,5,6,7]'),
(78, 185, 48.85660000, 2.35220000, 10, 2.50, 0.00, 0.00, '08:00:00', '22:00:00', 0.0, NULL, '2025-12-22 22:49:25', '2025-12-22 22:49:25', '', '[1,2,3,4,5,6,7]'),
(79, 188, 48.85660000, 2.35220000, 10, 2.50, 0.00, 0.00, '08:00:00', '22:00:00', 0.0, NULL, '2025-12-22 22:53:44', '2025-12-22 22:53:44', '', '[1,2,3,4,5,6,7]'),
(80, 189, 48.85660000, 2.35220000, 10, 2.50, 0.00, 0.00, '08:00:00', '22:00:00', 0.0, NULL, '2025-12-22 22:53:48', '2025-12-22 22:53:48', '', '[1,2,3,4,5,6,7]'),
(81, 19, 43.58946800, 3.86139100, 30, 4.99, 0.00, 0.00, '00:00:00', '23:59:00', 0.0, NULL, '2025-12-22 22:58:44', '2025-12-22 22:58:44', 'Rue Raimu 34070 Montpellier', '[1,2,3,4,5,6,7]'),
(82, 192, 48.85660000, 2.35220000, 10, 2.50, 0.00, 0.00, '08:00:00', '22:00:00', 0.0, NULL, '2025-12-22 23:01:46', '2025-12-22 23:01:46', '', '[1,2,3,4,5,6,7]'),
(83, 193, 48.85660000, 2.35220000, 10, 2.50, 0.00, 0.00, '08:00:00', '22:00:00', 0.0, NULL, '2025-12-22 23:01:46', '2025-12-22 23:01:46', '', '[1,2,3,4,5,6,7]'),
(84, 196, 48.85660000, 2.35220000, 10, 2.50, 0.00, 0.00, '08:00:00', '22:00:00', 0.0, NULL, '2025-12-22 23:03:18', '2025-12-22 23:03:18', '', '[1,2,3,4,5,6,7]'),
(85, 197, 48.85660000, 2.35220000, 10, 2.50, 0.00, 0.00, '08:00:00', '22:00:00', 0.0, NULL, '2025-12-22 23:03:23', '2025-12-22 23:03:23', '', '[1,2,3,4,5,6,7]'),
(86, 202, 48.85660000, 2.35220000, 10, 2.50, 0.00, 0.00, '08:00:00', '22:00:00', 0.0, NULL, '2025-12-22 23:04:48', '2025-12-22 23:04:48', '', '[1,2,3,4,5,6,7]'),
(87, 203, 48.85660000, 2.35220000, 10, 2.50, 0.00, 0.00, '08:00:00', '22:00:00', 0.0, NULL, '2025-12-22 23:04:48', '2025-12-22 23:04:48', '', '[1,2,3,4,5,6,7]'),
(88, 206, 48.85660000, 2.35220000, 10, 2.50, 0.00, 0.00, '08:00:00', '22:00:00', 0.0, NULL, '2025-12-22 23:06:57', '2025-12-22 23:06:57', '', '[1,2,3,4,5,6,7]'),
(89, 207, 48.85660000, 2.35220000, 10, 2.50, 0.00, 0.00, '08:00:00', '22:00:00', 0.0, NULL, '2025-12-22 23:06:57', '2025-12-22 23:06:57', '', '[1,2,3,4,5,6,7]'),
(90, 210, 48.85660000, 2.35220000, 10, 2.50, 0.00, 0.00, '08:00:00', '22:00:00', 0.0, NULL, '2025-12-22 23:07:47', '2025-12-22 23:07:47', '', '[1,2,3,4,5,6,7]'),
(91, 211, 48.85660000, 2.35220000, 10, 2.50, 0.00, 0.00, '08:00:00', '22:00:00', 0.0, NULL, '2025-12-22 23:07:47', '2025-12-22 23:07:47', '', '[1,2,3,4,5,6,7]'),
(92, 214, 48.85660000, 2.35220000, 10, 2.50, 0.00, 0.00, '08:00:00', '22:00:00', 0.0, NULL, '2025-12-22 23:09:34', '2025-12-22 23:09:34', '', '[1,2,3,4,5,6,7]'),
(93, 215, 48.85660000, 2.35220000, 10, 2.50, 0.00, 0.00, '08:00:00', '22:00:00', 0.0, NULL, '2025-12-22 23:09:39', '2025-12-22 23:09:39', '', '[1,2,3,4,5,6,7]'),
(94, 219, 48.85660000, 2.35220000, 5, 2.50, 0.00, 0.00, '08:00:00', '22:00:00', 0.0, NULL, '2025-12-22 23:15:50', '2025-12-22 23:15:50', '', '[1,2,3,4,5,6,7]'),
(95, 221, 48.85186400, 2.42110200, 50, 2.00, 0.00, 0.00, '08:00:00', '22:00:00', 0.0, NULL, '2025-12-22 23:40:19', '2025-12-22 23:40:19', '27bis Rue du Progrès 93100 Montreuil', '[1,2,3,4,5]');

-- --------------------------------------------------------

--
-- Structure de la table `reservations`
--

CREATE TABLE `reservations` (
  `id` bigint(20) NOT NULL,
  `user_id` bigint(20) NOT NULL,
  `parking_id` bigint(20) NOT NULL,
  `start_at` datetime NOT NULL,
  `end_at` datetime NOT NULL,
  `vehicle_type` varchar(50) NOT NULL,
  `immatriculation` varchar(20) DEFAULT NULL,
  `amount` decimal(10,2) NOT NULL,
  `statut` varchar(32) NOT NULL DEFAULT 'confirmée',
  `date_creation` datetime NOT NULL DEFAULT current_timestamp(),
  `date_annulation` datetime DEFAULT NULL,
  `created_at` datetime NOT NULL DEFAULT current_timestamp()
) ENGINE=InnoDB DEFAULT CHARSET=utf8mb4 COLLATE=utf8mb4_unicode_ci;

--
-- Déchargement des données de la table `reservations`
--

INSERT INTO `reservations` (`id`, `user_id`, `parking_id`, `start_at`, `end_at`, `vehicle_type`, `immatriculation`, `amount`, `statut`, `date_creation`, `date_annulation`, `created_at`) VALUES
(2001, 16, 7, '2025-12-05 10:00:00', '2025-12-05 13:00:00', 'Voiture', 'AA-016-AA', 9.00, 'terminée', '2025-12-04 18:00:00', NULL, '2025-12-04 18:00:00'),
(2002, 17, 7, '2025-12-12 18:00:00', '2025-12-12 20:30:00', 'Moto', 'BB-017-BB', 7.50, 'terminée', '2025-12-12 10:15:00', NULL, '2025-12-12 10:15:00'),
(2003, 18, 7, '2025-12-20 11:00:00', '2025-12-20 15:00:00', 'Voiture', 'CC-018-CC', 12.00, 'confirmée', '2025-12-20 10:30:00', NULL, '2025-12-20 10:30:00'),
(2004, 16, 7, '2025-12-22 09:00:00', '2025-12-22 11:00:00', 'Vélo', 'VLO-016', 0.00, 'annulée', '2025-12-20 12:00:00', '2025-12-20 12:05:00', '2025-12-20 12:00:00'),
(2101, 16, 7, '2025-10-03 09:00:00', '2025-10-03 12:00:00', 'Voiture', 'OCT-016-AA', 9.00, 'terminée', '2025-10-02 18:00:00', NULL, '2025-10-02 18:00:00'),
(2102, 17, 7, '2025-10-11 14:00:00', '2025-10-11 16:00:00', 'Moto', 'OCT-017-BB', 6.00, 'terminée', '2025-10-11 09:30:00', NULL, '2025-10-11 09:30:00'),
(2103, 18, 7, '2025-10-22 19:00:00', '2025-10-22 21:00:00', 'Vélo', 'OCT-018-VLO', 0.00, 'annulée', '2025-10-22 12:00:00', '2025-10-22 12:05:00', '2025-10-22 12:00:00'),
(2201, 16, 7, '2025-11-05 08:30:00', '2025-11-05 10:30:00', 'Voiture', 'NOV-016-AA', 6.00, 'terminée', '2025-11-05 08:00:00', NULL, '2025-11-05 08:00:00'),
(2202, 17, 7, '2025-11-14 17:00:00', '2025-11-14 20:00:00', 'Voiture', 'NOV-017-BB', 9.00, 'terminée', '2025-11-14 12:00:00', NULL, '2025-11-14 12:00:00'),
(2203, 18, 7, '2025-11-28 11:00:00', '2025-11-28 13:00:00', 'Moto', 'NOV-018-CC', 6.00, 'terminée', '2025-11-28 09:45:00', NULL, '2025-11-28 09:45:00'),
(2301, 16, 7, '2026-01-03 10:00:00', '2026-01-03 13:30:00', 'Voiture', 'JAN-016-AA', 10.50, 'terminée', '2026-01-03 09:00:00', NULL, '2026-01-03 09:00:00'),
(2302, 17, 7, '2026-01-12 18:00:00', '2026-01-12 20:00:00', 'Moto', 'JAN-017-BB', 6.00, 'terminée', '2026-01-12 10:20:00', NULL, '2026-01-12 10:20:00'),
(2303, 18, 7, '2026-01-20 09:00:00', '2026-01-20 11:00:00', 'Voiture', 'JAN-018-CC', 6.00, 'annulée', '2026-01-19 12:00:00', '2026-01-19 12:05:00', '2026-01-19 12:00:00'),
(2304, 10, 8, '2025-12-20 17:00:00', '2025-12-20 19:00:00', 'Voiture', NULL, 8.00, 'confirmée', '2025-12-20 16:26:18', NULL, '2025-12-20 16:26:18'),
(2305, 10, 9, '2025-12-20 22:35:00', '2025-12-20 23:00:00', 'car', NULL, 10.00, 'confirmée', '2025-12-20 22:35:35', NULL, '2025-12-20 22:35:35'),
(2306, 10, 5, '2025-12-20 12:00:00', '2025-12-20 01:00:00', 'car', NULL, 0.00, 'confirmée', '2025-12-21 11:08:12', NULL, '2025-12-21 11:08:12'),
(2307, 10, 5, '2025-12-20 12:00:00', '2025-12-20 01:00:00', 'car', NULL, 0.00, 'confirmée', '2025-12-21 11:09:03', NULL, '2025-12-21 11:09:03'),
(2308, 10, 5, '2025-12-20 12:00:00', '2025-12-20 01:00:00', 'car', NULL, 0.00, 'confirmée', '2025-12-21 11:09:26', NULL, '2025-12-21 11:09:26'),
(2309, 10, 5, '2025-12-20 12:00:00', '2025-12-20 14:00:00', 'car', NULL, 0.00, 'confirmée', '2025-12-21 11:09:59', NULL, '2025-12-21 11:09:59'),
(2310, 10, 5, '2025-12-20 14:00:00', '2025-12-20 16:00:00', 'car', NULL, 0.00, 'confirmée', '2025-12-21 11:16:36', NULL, '2025-12-21 11:16:36'),
(2311, 10, 8, '2025-12-25 20:24:00', '2025-12-26 20:24:00', 'car', NULL, 96.00, 'annulée', '2025-12-22 20:24:06', '2025-12-22 20:24:29', '2025-12-22 20:24:06'),
(2312, 10, 30, '2025-12-27 10:00:00', '2025-12-27 12:00:00', 'car', NULL, 12.50, 'confirmée', '2025-12-22 21:40:15', NULL, '2025-12-22 21:40:15'),
(2313, 10, 30, '2025-12-28 10:00:00', '2025-12-28 12:00:00', 'car', NULL, 12.50, 'confirmée', '2025-12-22 22:38:05', NULL, '2025-12-22 22:38:05'),
(2314, 165, 1, '2025-12-23 10:00:00', '2025-12-23 11:00:00', 'car', NULL, 12.50, 'confirmée', '2025-12-22 22:39:43', NULL, '2025-12-22 22:39:43'),
(2315, 165, 9, '2025-12-22 22:38:35', '2025-12-22 23:38:35', 'car', NULL, 12.50, 'confirmée', '2025-12-22 22:43:35', NULL, '2025-12-22 22:43:35'),
(2316, 195, 81, '2025-12-22 22:46:47', '2025-12-22 23:16:47', 'car', NULL, 12.50, 'confirmée', '2025-12-22 23:01:47', NULL, '2025-12-22 23:01:47'),
(2317, 199, 81, '2025-12-22 22:48:24', '2025-12-22 23:18:24', 'car', NULL, 12.50, 'confirmée', '2025-12-22 23:03:24', NULL, '2025-12-22 23:03:24'),
(2318, 200, 81, '2025-12-22 22:49:11', '2025-12-22 23:19:11', 'car', NULL, 12.50, 'confirmée', '2025-12-22 23:04:11', NULL, '2025-12-22 23:04:11'),
(2319, 205, 81, '2025-12-22 22:49:48', '2025-12-22 23:19:48', 'car', NULL, 12.50, 'confirmée', '2025-12-22 23:04:48', NULL, '2025-12-22 23:04:48'),
(2320, 209, 81, '2025-12-22 22:51:57', '2025-12-22 23:21:57', 'car', NULL, 12.50, 'confirmée', '2025-12-22 23:06:58', NULL, '2025-12-22 23:06:58'),
(2321, 213, 81, '2025-12-22 22:52:48', '2025-12-22 23:22:48', 'car', NULL, 12.50, 'confirmée', '2025-12-22 23:07:48', NULL, '2025-12-22 23:07:48'),
(2322, 217, 81, '2025-12-22 22:54:39', '2025-12-22 23:24:39', 'car', NULL, 12.50, 'confirmée', '2025-12-22 23:09:39', NULL, '2025-12-22 23:09:39');

-- --------------------------------------------------------

--
-- Structure de la table `stationnements`
--

CREATE TABLE `stationnements` (
  `id` bigint(20) NOT NULL,
  `reservation_id` bigint(20) NOT NULL,
  `entered_at` datetime NOT NULL,
  `exited_at` datetime DEFAULT NULL,
  `billed_amount` decimal(10,2) DEFAULT NULL,
  `penalty_amount` decimal(10,2) DEFAULT NULL,
  `created_at` datetime NOT NULL DEFAULT current_timestamp()
) ENGINE=InnoDB DEFAULT CHARSET=utf8mb4 COLLATE=utf8mb4_unicode_ci;

--
-- Déchargement des données de la table `stationnements`
--

INSERT INTO `stationnements` (`id`, `reservation_id`, `entered_at`, `exited_at`, `billed_amount`, `penalty_amount`, `created_at`) VALUES
(3001, 2001, '2025-12-05 10:02:00', '2025-12-05 13:01:00', 9.00, 0.00, '2025-12-05 10:02:00'),
(3002, 2002, '2025-12-12 18:05:00', '2025-12-12 21:10:00', 7.50, 3.00, '2025-12-12 18:05:00'),
(3003, 2003, '2025-12-20 11:02:00', NULL, 0.00, 0.00, '2025-12-20 11:02:00'),
(3101, 2101, '2025-10-03 09:03:00', '2025-10-03 12:01:00', 9.00, 0.00, '2025-10-03 09:03:00'),
(3102, 2102, '2025-10-11 14:02:00', '2025-10-11 16:05:00', 6.00, 0.00, '2025-10-11 14:02:00'),
(3201, 2201, '2025-11-05 08:31:00', '2025-11-05 10:35:00', 6.00, 0.00, '2025-11-05 08:31:00'),
(3202, 2202, '2025-11-14 17:01:00', '2025-11-14 20:40:00', 9.00, 2.00, '2025-11-14 17:01:00'),
(3203, 2203, '2025-11-28 11:02:00', '2025-11-28 13:00:00', 6.00, 0.00, '2025-11-28 11:02:00'),
(3301, 2301, '2026-01-03 10:01:00', '2026-01-03 13:45:00', 10.50, 1.50, '2026-01-03 10:01:00'),
(3302, 2302, '2026-01-12 18:02:00', '2026-01-12 20:10:00', 6.00, 0.00, '2026-01-12 18:02:00'),
(3303, 2305, '2025-12-20 22:35:44', '2025-12-20 23:02:34', 5.00, 2.50, '2025-12-20 22:35:44'),
(3304, 2315, '2025-12-22 22:43:35', '2025-12-22 22:43:35', 0.00, 0.00, '2025-12-22 22:43:35'),
(3305, 2316, '2025-12-22 23:01:47', '2025-12-22 23:01:47', 0.00, 0.00, '2025-12-22 23:01:47'),
(3306, 2317, '2025-12-22 23:03:24', '2025-12-22 23:03:24', 0.00, 0.00, '2025-12-22 23:03:24'),
(3307, 2318, '2025-12-22 23:04:11', '2025-12-22 23:04:11', 0.00, 0.00, '2025-12-22 23:04:11'),
(3308, 2319, '2025-12-22 23:04:48', '2025-12-22 23:04:48', 0.00, 0.00, '2025-12-22 23:04:48'),
(3309, 2320, '2025-12-22 23:06:58', '2025-12-22 23:06:58', 0.00, 0.00, '2025-12-22 23:06:58'),
(3310, 2321, '2025-12-22 23:07:48', '2025-12-22 23:07:48', 0.00, 0.00, '2025-12-22 23:07:48'),
(3311, 2322, '2025-12-22 23:09:39', '2025-12-22 23:09:39', 0.00, 0.00, '2025-12-22 23:09:39');

-- --------------------------------------------------------

--
-- Structure de la table `subscriptions`
--

CREATE TABLE `subscriptions` (
  `id` bigint(20) NOT NULL,
  `user_id` bigint(20) NOT NULL,
  `parking_id` bigint(20) NOT NULL,
  `start_date` date NOT NULL,
  `end_date` date NOT NULL,
  `weekly_slots` longtext CHARACTER SET utf8mb4 COLLATE utf8mb4_bin NOT NULL CHECK (json_valid(`weekly_slots`)),
  `created_at` datetime NOT NULL DEFAULT current_timestamp(),
  `amount` decimal(10,2) NOT NULL DEFAULT 0.00
) ENGINE=InnoDB DEFAULT CHARSET=utf8mb4 COLLATE=utf8mb4_unicode_ci;

--
-- Déchargement des données de la table `subscriptions`
--

INSERT INTO `subscriptions` (`id`, `user_id`, `parking_id`, `start_date`, `end_date`, `weekly_slots`, `created_at`, `amount`) VALUES
(1, 10, 3, '2025-12-17', '2026-01-16', '[{\"dow\":1,\"start\":\"18:00\",\"end\":\"08:00\"},{\"dow\":2,\"start\":\"18:00\",\"end\":\"08:00\"},{\"dow\":3,\"start\":\"18:00\",\"end\":\"08:00\"},{\"dow\":4,\"start\":\"18:00\",\"end\":\"08:00\"},{\"dow\":5,\"start\":\"18:00\",\"end\":\"08:00\"}]', '2025-12-17 14:01:46', 0.00),
(2, 15, 3, '2025-12-17', '2026-01-16', '[{\"dow\":1,\"start\":\"18:00\",\"end\":\"08:00\"},{\"dow\":2,\"start\":\"18:00\",\"end\":\"08:00\"},{\"dow\":3,\"start\":\"18:00\",\"end\":\"08:00\"},{\"dow\":4,\"start\":\"18:00\",\"end\":\"08:00\"},{\"dow\":5,\"start\":\"18:00\",\"end\":\"08:00\"}]', '2025-12-20 10:33:11', 0.00),
(7, 10, 7, '2025-12-20', '2026-01-19', '[{\"dow\":1,\"start\":\"18:00\",\"end\":\"23:59\"}]', '2025-12-20 22:21:47', 90.00),
(9, 10, 9, '2025-12-20', '2026-01-19', '[{\"dow\":6,\"start\":\"00:00\",\"end\":\"23:59\"},{\"dow\":7,\"start\":\"00:00\",\"end\":\"23:59\"}]', '2025-12-20 23:20:12', 2400.00);

-- --------------------------------------------------------

--
-- Structure de la table `users`
--

CREATE TABLE `users` (
  `id` bigint(20) NOT NULL,
  `email` varchar(160) NOT NULL,
  `password_hash` varchar(255) NOT NULL,
  `firstname` varchar(100) NOT NULL,
  `lastname` varchar(100) NOT NULL,
  `role` enum('USER','OWNER','ADMIN') NOT NULL DEFAULT 'USER',
  `type_abonnement` enum('gratuit','premium','business') NOT NULL DEFAULT 'gratuit',
  `debut_abonnement` date DEFAULT NULL,
  `fin_abonnement` date DEFAULT NULL,
  `two_factor_enabled` tinyint(1) NOT NULL DEFAULT 0,
  `two_factor_method` enum('email','totp') NOT NULL DEFAULT 'email',
  `two_factor_last_code` varchar(10) DEFAULT NULL,
  `two_factor_expires_at` datetime DEFAULT NULL,
  `created_at` datetime NOT NULL DEFAULT current_timestamp(),
  `updated_at` datetime NOT NULL DEFAULT current_timestamp() ON UPDATE current_timestamp()
) ENGINE=InnoDB DEFAULT CHARSET=utf8mb4 COLLATE=utf8mb4_unicode_ci;

--
-- Déchargement des données de la table `users`
--

INSERT INTO `users` (`id`, `email`, `password_hash`, `firstname`, `lastname`, `role`, `type_abonnement`, `debut_abonnement`, `fin_abonnement`, `two_factor_enabled`, `two_factor_method`, `two_factor_last_code`, `two_factor_expires_at`, `created_at`, `updated_at`) VALUES
(1, 'test@exemple.com', '$argon2id$v=19$m=65536,t=4,p=1$cnFtN3hSRHFpLmxlS08uWQ$rhZRtmkon7ccjKAEqWltj8h2gF7e63Abz2/cnWoWcJo', 'Test', 'User', 'USER', 'gratuit', NULL, NULL, 0, 'email', NULL, NULL, '2025-12-14 12:41:55', '2025-12-14 12:41:55'),
(2, 'test.user+1@parking.com', '$argon2id$v=19$m=65536,t=4,p=1$VGRxZmxLQlRMSDRzQmJWMQ$tfM1anA6HG9bQuw8GhVSmGQkaIXSTUivpEPGR9g49P4', 'Test', 'User', 'USER', 'gratuit', NULL, NULL, 0, 'email', NULL, NULL, '2025-12-14 14:44:11', '2025-12-14 14:44:11'),
(3, 'test.user@site.com', '$argon2id$v=19$m=65536,t=4,p=1$WmFmOGl5TlE4OTNJWGxpVg$gGEgutyxkKRS0CZb5In/z4GFJNo92ZK9nLcYeCDUF2w', 'Test', 'User', 'USER', 'gratuit', NULL, NULL, 0, 'email', NULL, NULL, '2025-12-16 01:36:51', '2025-12-16 01:36:51'),
(4, 'user1@test.com', '$argon2id$v=19$m=65536,t=4,p=1$NzlzdzlpLnkudUZaRFBLNA$hwhtKi1l7vQ0PrE5D1hrl3QqYTfgUnU55bbuLHaXYMs', 'Jean', 'Dupont', 'USER', 'gratuit', NULL, NULL, 0, 'email', NULL, NULL, '2025-12-16 18:43:37', '2025-12-16 18:43:37'),
(5, 'owner2@test.com', '$argon2id$v=19$m=65536,t=4,p=1$TUpMYVVTdE9zZ3ZVeXQzdA$aEwOvp4WM8iw9e/mXR3GQh7LjguRoBKvh8V7B5VK/Ok', 'Owner', 'Test', 'USER', 'gratuit', NULL, NULL, 0, 'email', NULL, NULL, '2025-12-16 19:25:48', '2025-12-16 19:25:48'),
(8, 'owner+1@test.com', '$argon2id$v=19$m=65536,t=4,p=1$NVZzclN2Tk92MlRYdGIySw$OLX1btwJHXV/FcITVaq9190s11sdlhr1bSCWO7R0C/w', 'Marie', 'Owner', 'OWNER', 'gratuit', NULL, NULL, 0, 'email', NULL, NULL, '2025-12-16 19:38:02', '2025-12-16 19:38:02'),
(9, 'user.test1@test.com', '$argon2id$v=19$m=65536,t=4,p=1$eUxzS2l0QzF1NXpGS3dzcw$diCyy47WDx3H8PqLdtLk+RlJONyh8FmxzTZ7/HqiJzk', 'Jean', 'User', 'USER', 'gratuit', NULL, NULL, 0, 'email', NULL, NULL, '2025-12-16 19:43:44', '2025-12-16 19:43:44'),
(10, 'userjson@test.com', '$argon2id$v=19$m=65536,t=4,p=1$a1R4eTA2bzFCZ1VZbml4aQ$P2o1zWSkQRwPQTqqQt1xUIG83M1LDJHh3vdOkp2BORE', 'Json', 'User', 'USER', 'gratuit', NULL, NULL, 0, 'email', NULL, NULL, '2025-12-17 11:29:38', '2025-12-17 11:29:38'),
(15, 'test@test.com', '$argon2id$v=19$m=65536,t=4,p=1$T2MzSXlwWENSS0RqVEUxaw$TZ++8/jfZ9JRlJpnzQUBFshCeVQmCG78T984cxf+OFs', 'Test', 'Owner', 'OWNER', 'gratuit', NULL, NULL, 0, 'email', NULL, NULL, '2025-12-19 15:18:51', '2025-12-19 15:18:51'),
(16, 'client16@test.local', '$2y$10$aaaaaaaaaaaaaaaaaaaaaaaaaaaaaaaaaaaaaaaaaaaaaaaaaaaaaa', 'Client', 'Seize', 'USER', 'gratuit', NULL, NULL, 0, 'email', NULL, NULL, '2025-12-20 14:09:43', '2025-12-20 14:34:14'),
(17, 'client17@test.local', '$2y$10$bbbbbbbbbbbbbbbbbbbbbbbbbbbbbbbbbbbbbbbbbbbbbbbbbb', 'Client', 'DixSept', 'USER', 'gratuit', NULL, NULL, 0, 'email', NULL, NULL, '2025-12-20 14:09:43', '2025-12-20 14:34:14'),
(18, 'client18@test.local', '$2y$10$cccccccccccccccccccccccccccccccccccccccccccccccccc', 'Client', 'DixHuit', 'USER', 'gratuit', NULL, NULL, 0, 'email', NULL, NULL, '2025-12-20 14:09:43', '2025-12-20 14:34:14'),
(19, 'owner.test@gmail.com', '$argon2id$v=19$m=65536,t=4,p=1$YVpkdlBwOW5uOWtmcTZMbQ$qX4ehWaqh0FumWx2T1LnaZJnFOAVc7D+uyqwX/W/zwg', 'Ryan', 'Test', 'OWNER', 'gratuit', NULL, NULL, 0, 'email', NULL, NULL, '2025-12-22 20:47:16', '2025-12-22 20:47:16'),
(20, 'owner+d9d4aff8@test.local', '$argon2id$v=19$m=65536,t=4,p=1$MnEzRDlDQ3NmcFUvSWZEYg$BxSy0dAVoJ8n7aoBKnhCFp3+lrNi2YT+SOpJeOK+15c', 'Owner', 'Test', 'OWNER', 'gratuit', NULL, NULL, 0, 'email', NULL, NULL, '2025-12-22 20:56:55', '2025-12-22 20:56:55'),
(21, 'owner+6f8a262c@test.local', '$argon2id$v=19$m=65536,t=4,p=1$L0lwTFBoZjhHWHViWE1JWQ$WjNfA7LHM/Do/MeB09N59g5quUZdAIMNPsIoHqbU4aY', 'Owner', 'Test', 'OWNER', 'gratuit', NULL, NULL, 0, 'email', NULL, NULL, '2025-12-22 20:56:55', '2025-12-22 20:56:55'),
(22, 'user_6949a2879dfc4@test.local', '$argon2id$v=19$m=65536,t=4,p=1$Z2J3d0F4Tzlic1c0M1pWZw$NW7q/ljG46ZQeAePNXm6WDZsELF3xqpS6KmAmTlzG1s', 'User', 'Test', 'USER', 'gratuit', NULL, NULL, 0, 'email', NULL, NULL, '2025-12-22 20:56:55', '2025-12-22 20:56:55'),
(23, 'owner_6949a33fb3a8c@test.local', '$argon2id$v=19$m=65536,t=4,p=1$TlpLc3dTdzkwR0V4N21pcQ$KN7gRTEGGD7FoLeBMSoEzq5i3Ve5zYOt0XAPApOXFV0', 'Owner', 'Test', 'OWNER', 'gratuit', NULL, NULL, 0, 'email', NULL, NULL, '2025-12-22 20:59:59', '2025-12-22 20:59:59'),
(24, 'owner_6949a33fe8dce@test.local', '$argon2id$v=19$m=65536,t=4,p=1$TkN3eDBFSUZ1dnh2WE85TA$/KYVsA1tDJVgc4W8UOGSU/DHkiiTKr/GpZN0cVmG5yA', 'Owner', 'Test', 'OWNER', 'gratuit', NULL, NULL, 0, 'email', NULL, NULL, '2025-12-22 21:00:00', '2025-12-22 21:00:00'),
(25, 'user_6949a340241eb@test.local', '$argon2id$v=19$m=65536,t=4,p=1$TllzcC5YaEx6N3IudEF6ag$bmJrL0L6l0HwF9zGNmrnBVXvmx01X/L//6kLwbXJd/w', 'User', 'Test', 'USER', 'gratuit', NULL, NULL, 0, 'email', NULL, NULL, '2025-12-22 21:00:00', '2025-12-22 21:00:00'),
(26, 'owner_6949a3a30466e@test.local', '$argon2id$v=19$m=65536,t=4,p=1$dTkzYlRvMGJhNUR6ZEZ1dA$WKUqfeNv0K07sNDxJjkHHVjuNKQ6scSLPSECoRfbbAE', 'Owner', 'Test', 'OWNER', 'gratuit', NULL, NULL, 0, 'email', NULL, NULL, '2025-12-22 21:01:39', '2025-12-22 21:01:39'),
(27, 'owner_6949a3a338074@test.local', '$argon2id$v=19$m=65536,t=4,p=1$UXd4eUFPN3Z6d1FWRVVvTA$FO8Jev6o5qN8/u4a+xkoH2guk32Tw80F11j9uMqLJ6E', 'Owner', 'Test', 'OWNER', 'gratuit', NULL, NULL, 0, 'email', NULL, NULL, '2025-12-22 21:01:39', '2025-12-22 21:01:39'),
(28, 'user_6949a3a369aa2@test.local', '$argon2id$v=19$m=65536,t=4,p=1$dHNlUElxdXlvZHNwNnpVTw$30Ub9UBsg/7Pe0ohfFhL21AJoBTFvZHaeRq47yAtqpA', 'User', 'Test', 'USER', 'gratuit', NULL, NULL, 0, 'email', NULL, NULL, '2025-12-22 21:01:39', '2025-12-22 21:01:39'),
(29, 'owner_6949a3bcb3292@test.local', '$argon2id$v=19$m=65536,t=4,p=1$UEJHYmtIMGwzWC9XTm55cQ$nehnfxEUUTQR1plJNAvRH7T41NTkIysbsWlXV3GIghM', 'Owner', 'Test', 'OWNER', 'gratuit', NULL, NULL, 0, 'email', NULL, NULL, '2025-12-22 21:02:04', '2025-12-22 21:02:04'),
(30, 'owner_6949a3bce89d2@test.local', '$argon2id$v=19$m=65536,t=4,p=1$ZFU5aFFWSVdiZjlDcjM3Nw$YoWWKg8OxmuZuIkEOxQYuch2FgSYH6S5NGhaGx1Pt+0', 'Owner', 'Test', 'OWNER', 'gratuit', NULL, NULL, 0, 'email', NULL, NULL, '2025-12-22 21:02:05', '2025-12-22 21:02:05'),
(31, 'user_6949a3bd41ee4@test.local', '$argon2id$v=19$m=65536,t=4,p=1$NzBrZUouSEFDQnVteDBGaA$DFcyT83+koNrHruVcdggfQ/YVZHgy+jLQ0AY0G102gk', 'User', 'Test', 'USER', 'gratuit', NULL, NULL, 0, 'email', NULL, NULL, '2025-12-22 21:02:05', '2025-12-22 21:02:05'),
(32, 'owner_6949a3ca3d483@test.local', '$argon2id$v=19$m=65536,t=4,p=1$cmtaWFBEaTZnTTYyNzhXRw$7pSeM3UScu82zaLI/v+kLdKrwRsRgNyioOx5qmMTvmI', 'Owner', 'Test', 'OWNER', 'gratuit', NULL, NULL, 0, 'email', NULL, NULL, '2025-12-22 21:02:18', '2025-12-22 21:02:18'),
(33, 'owner_6949a3ca735ac@test.local', '$argon2id$v=19$m=65536,t=4,p=1$S0pJbDU3cEVqdnlBLzlmaA$P34VRbcqwdHPs3cgctfk3HYLwK5iXkkclzTNEWJDkfw', 'Owner', 'Test', 'OWNER', 'gratuit', NULL, NULL, 0, 'email', NULL, NULL, '2025-12-22 21:02:18', '2025-12-22 21:02:18'),
(34, 'user_6949a3caa1e3b@test.local', '$argon2id$v=19$m=65536,t=4,p=1$RDdCTXZ3eWRTZ081dU1FQg$Dbcodo9zaleTXKuCzCQohig5trMrOCBZb1Bq7C6hfLs', 'User', 'Test', 'USER', 'gratuit', NULL, NULL, 0, 'email', NULL, NULL, '2025-12-22 21:02:18', '2025-12-22 21:02:18'),
(35, 'owner_6949a3d983f05@test.local', '$argon2id$v=19$m=65536,t=4,p=1$RzB3T1czYXdLY1ZzdWlpVA$CeMFWJ8+g4cTkYE6KHJqDd8Kgyq2Ar7hDJUi6Q5aPxU', 'Owner', 'Test', 'OWNER', 'gratuit', NULL, NULL, 0, 'email', NULL, NULL, '2025-12-22 21:02:33', '2025-12-22 21:02:33'),
(36, 'owner_6949a3d9b75b5@test.local', '$argon2id$v=19$m=65536,t=4,p=1$RWlCdXpMN1l0TkNySnM0cg$0N0Y/1zC6iPQQ6wTjTKzSeMZ9MYyXLPqSuBc373XUDk', 'Owner', 'Test', 'OWNER', 'gratuit', NULL, NULL, 0, 'email', NULL, NULL, '2025-12-22 21:02:33', '2025-12-22 21:02:33'),
(37, 'user_6949a3d9e84d5@test.local', '$argon2id$v=19$m=65536,t=4,p=1$RFpPOGNhZ05LUWh3YmhnSw$3Jd+R7JwoRS6ijTxi30QI7S+UJF2M2WWe0GkYKQGj3s', 'User', 'Test', 'USER', 'gratuit', NULL, NULL, 0, 'email', NULL, NULL, '2025-12-22 21:02:34', '2025-12-22 21:02:34'),
(38, 'owner_6949a3f4c6121@test.local', '$argon2id$v=19$m=65536,t=4,p=1$WndmcHlvenF6ZXoxNVh5aQ$0vttsO/jt6HgmudO9RPL6Pdj2faqWgC6JSN4LPCeiqU', 'Owner', 'Test', 'OWNER', 'gratuit', NULL, NULL, 0, 'email', NULL, NULL, '2025-12-22 21:03:00', '2025-12-22 21:03:00'),
(39, 'owner_6949a3f503eb1@test.local', '$argon2id$v=19$m=65536,t=4,p=1$MVdRSExqTkIvOUlMajJtNA$v9UG9z/TZmnnSW5pkkAo3ceCIyahwu/l59erjQJKIWs', 'Owner', 'Test', 'OWNER', 'gratuit', NULL, NULL, 0, 'email', NULL, NULL, '2025-12-22 21:03:01', '2025-12-22 21:03:01'),
(40, 'user_6949a3f534ebb@test.local', '$argon2id$v=19$m=65536,t=4,p=1$ZHJud0lPeGZ2dTAydmtzYw$ufwG1GJ74nYnyC4IjwTE8A7mFejAf6Ku+KM/oWwZeug', 'User', 'Test', 'USER', 'gratuit', NULL, NULL, 0, 'email', NULL, NULL, '2025-12-22 21:03:01', '2025-12-22 21:03:01'),
(41, 'owner_6949a40046b79@test.local', '$argon2id$v=19$m=65536,t=4,p=1$cmZjQXlSQkRzbmwzem5BTQ$BJkEymNhOt9XTo6JaoQFNipVSAFGfCOAYXu6/p6Aq1s', 'Owner', 'Test', 'OWNER', 'gratuit', NULL, NULL, 0, 'email', NULL, NULL, '2025-12-22 21:03:12', '2025-12-22 21:03:12'),
(42, 'owner_6949a4007a4c7@test.local', '$argon2id$v=19$m=65536,t=4,p=1$bFYzL3NId1FNd1lHSk0vUQ$OLGs8oBz3mfDxXVtpOUygeqXTTOO890czxqKvSFQS74', 'Owner', 'Test', 'OWNER', 'gratuit', NULL, NULL, 0, 'email', NULL, NULL, '2025-12-22 21:03:12', '2025-12-22 21:03:12'),
(43, 'user_6949a400a8ed1@test.local', '$argon2id$v=19$m=65536,t=4,p=1$eEJvZUw3ZFNUanBLZC81TQ$Xmh1NAHZobjGm5pScIffMbpFgqVuUIB9Z2Ng2LwdmjM', 'User', 'Test', 'USER', 'gratuit', NULL, NULL, 0, 'email', NULL, NULL, '2025-12-22 21:03:12', '2025-12-22 21:03:12'),
(44, 'user_6949a5012a5ad@test.local', '$argon2id$v=19$m=65536,t=4,p=1$OG1sMUlxTHZzTFp5dVRGMA$KdyLACidyiFFUkBA3pkeHpHMwBrr4RWkgNnegI4wHFg', 'User', 'Test', 'USER', 'gratuit', NULL, NULL, 0, 'email', NULL, NULL, '2025-12-22 21:07:29', '2025-12-22 21:07:29'),
(45, 'owner_e9a1090a@test.local', '$argon2id$v=19$m=65536,t=4,p=1$WFY1dVVWa0k3WkNiaFNxRQ$529Mn85iEwSf6N1i7cG+p+/biT+/XFe+ftD12lZy/u8', 'Owner', 'Test', 'OWNER', 'gratuit', NULL, NULL, 0, 'email', NULL, NULL, '2025-12-22 21:09:25', '2025-12-22 21:09:25'),
(46, 'owner_a07ebb2d@test.local', '$argon2id$v=19$m=65536,t=4,p=1$a3dHRDguTEFBL3FOaXRBQw$1D7ZWYRt7IvFUtaMSlzms1InkVTqH9bPxfENoNI+Hhk', 'Owner', 'Test', 'OWNER', 'gratuit', NULL, NULL, 0, 'email', NULL, NULL, '2025-12-22 21:09:25', '2025-12-22 21:09:25'),
(47, 'user_6949a575b7a53@test.local', '$argon2id$v=19$m=65536,t=4,p=1$NS95YlpHaGV0ZFYvS3NJWg$SrJwTdtUXBtm//xgnYnuctjKxtfHZlhxE9qL8rUFRuo', 'User', 'Test', 'USER', 'gratuit', NULL, NULL, 0, 'email', NULL, NULL, '2025-12-22 21:09:25', '2025-12-22 21:09:25'),
(48, 'owner_c97c1781@test.local', '$argon2id$v=19$m=65536,t=4,p=1$Um1jVnNaN0FFS0RESUsuZA$w9WcKjxgPgXJYEFz+Tfb/IgzbowgY6d9NrKagY0jIwY', 'Owner', 'Test', 'OWNER', 'gratuit', NULL, NULL, 0, 'email', NULL, NULL, '2025-12-22 21:11:41', '2025-12-22 21:11:41'),
(49, 'owner_2f0beb13@test.local', '$argon2id$v=19$m=65536,t=4,p=1$bTZaLzVpNk02R0hIaHlnSg$dYzIIiESIm0l0lS+Z+P1dV6e2mEa6BCnHHhnnqThvag', 'Owner', 'Test', 'OWNER', 'gratuit', NULL, NULL, 0, 'email', NULL, NULL, '2025-12-22 21:11:41', '2025-12-22 21:11:41'),
(50, 'user_6949a5fd9573d@test.local', '$argon2id$v=19$m=65536,t=4,p=1$S0toU0diRWw1ZFlyRXZ6Vw$zxixCcG568enElEVnaNQJa4xOnIoIuHxwR80U24B6v4', 'User', 'Test', 'USER', 'gratuit', NULL, NULL, 0, 'email', NULL, NULL, '2025-12-22 21:11:41', '2025-12-22 21:11:41'),
(51, 'owner_7a5a9033@test.local', '$argon2id$v=19$m=65536,t=4,p=1$dTVJdnZSRUY1S21tQjFIbQ$apCY/bNrrFIfDEDn07Mt2DoopOPTatmMVumEyVsBgR0', 'Owner', 'Test', 'OWNER', 'gratuit', NULL, NULL, 0, 'email', NULL, NULL, '2025-12-22 21:12:33', '2025-12-22 21:12:33'),
(52, 'owner_73f7982b@test.local', '$argon2id$v=19$m=65536,t=4,p=1$TVR1aVlCVEswbE9ZQkZNeQ$JWtZVDsCygi0OjVQJ8stzwe/WWdYFuF2gfK1nVPe0Z4', 'Owner', 'Test', 'OWNER', 'gratuit', NULL, NULL, 0, 'email', NULL, NULL, '2025-12-22 21:12:34', '2025-12-22 21:12:34'),
(53, 'user_6949a632381c1@test.local', '$argon2id$v=19$m=65536,t=4,p=1$aGdOZlJHcDN5OGFwVy44TQ$tGuKopn/dQ7MU8rYqWxu28PuHEShQlGxWD5ZooFhS8g', 'User', 'Test', 'USER', 'gratuit', NULL, NULL, 0, 'email', NULL, NULL, '2025-12-22 21:12:34', '2025-12-22 21:12:34'),
(54, 'owner_2a8405ca@test.local', '$argon2id$v=19$m=65536,t=4,p=1$eS9taUhINjcxeG52TjVwRg$gsZiy2LBHClJymlCb6KQeEyYVP6of/6V+O2w7AXjhzE', 'Owner', 'Test', 'OWNER', 'gratuit', NULL, NULL, 0, 'email', NULL, NULL, '2025-12-22 21:14:14', '2025-12-22 21:14:14'),
(55, 'owner_26c7577e@test.local', '$argon2id$v=19$m=65536,t=4,p=1$OS5QbVNkbnZTRUk4OVRvRg$FkPQDqfsSIExANPIoJTnpxSR7vrQ32d8sDC0lpHrQlY', 'Owner', 'Test', 'OWNER', 'gratuit', NULL, NULL, 0, 'email', NULL, NULL, '2025-12-22 21:14:14', '2025-12-22 21:14:14'),
(56, 'user_6949a696b06bf@test.local', '$argon2id$v=19$m=65536,t=4,p=1$YWRxai84MTN0TmlpTXRtUw$aTlObZUYPrI6IKmYnh+zcN18qVeDpCwS/xvnSweBnAA', 'User', 'Test', 'USER', 'gratuit', NULL, NULL, 0, 'email', NULL, NULL, '2025-12-22 21:14:14', '2025-12-22 21:14:14'),
(57, 'owner_f4648157@test.local', '$argon2id$v=19$m=65536,t=4,p=1$QmU2Lkk0aGtpc3VZNmw5dA$oacP/rhPv1eLp8VW9kd0iiKEiR3uXK2hBU2BYfopMoU', 'Owner', 'Test', 'OWNER', 'gratuit', NULL, NULL, 0, 'email', NULL, NULL, '2025-12-22 21:14:51', '2025-12-22 21:14:51'),
(58, 'owner_0e714ce0@test.local', '$argon2id$v=19$m=65536,t=4,p=1$MEtxNW04ekZXUVVBYnNJSg$tqNY2SYx3ywQ1eZNSwSvYSUiEFr4Hs9godrWwQiyt6c', 'Owner', 'Test', 'OWNER', 'gratuit', NULL, NULL, 0, 'email', NULL, NULL, '2025-12-22 21:14:51', '2025-12-22 21:14:51'),
(59, 'user_6949a6bbb8b14@test.local', '$argon2id$v=19$m=65536,t=4,p=1$dmlJbkRKTDVGdkZYLkoweg$CMFCL1UecpYSD6l5wTLnx5Jiu96I4opdumP3u+6tFPA', 'User', 'Test', 'USER', 'gratuit', NULL, NULL, 0, 'email', NULL, NULL, '2025-12-22 21:14:51', '2025-12-22 21:14:51'),
(60, 'owner_e2090459@test.local', '$argon2id$v=19$m=65536,t=4,p=1$WjYzajBIYllvMExONzg4Zw$eUwdBSP/nXmYeB+DpzFFq16W2yxmYap61Zjq7/8aW5M', 'Owner', 'Test', 'OWNER', 'gratuit', NULL, NULL, 0, 'email', NULL, NULL, '2025-12-22 21:15:40', '2025-12-22 21:15:40'),
(61, 'owner_47bbfc29@test.local', '$argon2id$v=19$m=65536,t=4,p=1$ZXFtZldUOE5WVEJlT0tadg$8PHAjDT39svDoZS4sf5ucxv4RcjkEIUNdb8eCC5XrVU', 'Owner', 'Test', 'OWNER', 'gratuit', NULL, NULL, 0, 'email', NULL, NULL, '2025-12-22 21:15:52', '2025-12-22 21:15:52'),
(62, 'owner_7108bd21@test.local', '$argon2id$v=19$m=65536,t=4,p=1$L1hBT1NJeHlMTTR0SHFGdw$T8N7diderxh2rIh58bL1J3Aa/b+aGxgXI7ItMp9E83M', 'Owner', 'Test', 'OWNER', 'gratuit', NULL, NULL, 0, 'email', NULL, NULL, '2025-12-22 21:17:48', '2025-12-22 21:17:48'),
(63, 'owner_43b9ae33@test.local', '$argon2id$v=19$m=65536,t=4,p=1$VjBoOFdpRTlndk9pbUs3Yg$M0XYymyRCfH13juxTnCz11Qt6ivJ4pP5PeqTVoQmkrc', 'Owner', 'Test', 'OWNER', 'gratuit', NULL, NULL, 0, 'email', NULL, NULL, '2025-12-22 21:17:56', '2025-12-22 21:17:56'),
(64, 'owner_40269f6b@test.local', '$argon2id$v=19$m=65536,t=4,p=1$U1haak8yai9MYVFHQ0s0Tw$EiRhZkjD1KUq97jQZn79gurr1oxK3CgGVkUfUMRxlsU', 'Owner', 'Test', 'OWNER', 'gratuit', NULL, NULL, 0, 'email', NULL, NULL, '2025-12-22 21:18:46', '2025-12-22 21:18:46'),
(65, 'owner_567cd3b4@test.local', '$argon2id$v=19$m=65536,t=4,p=1$dFdGRC9NVzVOTnNHS0NEYg$uCe/NVPJRqIBpPc4iSyMZo4YZ5GhjeXT3KAjNL6/swo', 'Owner', 'Test', 'OWNER', 'gratuit', NULL, NULL, 0, 'email', NULL, NULL, '2025-12-22 21:19:13', '2025-12-22 21:19:13'),
(66, 'owner_2be64a8d@test.local', '$argon2id$v=19$m=65536,t=4,p=1$WTBJcUFwcHpRWE9PbW5kTg$RMLcs0/qyv/dIPrXOgOP8Q56HREx1FdzKLaEJQkOLco', 'Owner', 'Test', 'OWNER', 'gratuit', NULL, NULL, 0, 'email', NULL, NULL, '2025-12-22 21:19:35', '2025-12-22 21:19:35'),
(67, 'owner_8b13b83b@test.local', '$argon2id$v=19$m=65536,t=4,p=1$VnBJZ3BPdHc4SmNIRk5PNA$V5gKHu+qwDaMYpV9aVulp8sKEoLWehFFQ8Hqh25GrgU', 'Owner', 'Test', 'OWNER', 'gratuit', NULL, NULL, 0, 'email', NULL, NULL, '2025-12-22 21:19:55', '2025-12-22 21:19:55'),
(68, 'owner_8a4d5ec1@test.local', '$argon2id$v=19$m=65536,t=4,p=1$YnkuaEw1My9mejY0Vm9UNw$QeXe/V3BpSdW+VWW/pdFGXfEhCTiAqFIr3ox5VTL7AY', 'Owner', 'Test', 'OWNER', 'gratuit', NULL, NULL, 0, 'email', NULL, NULL, '2025-12-22 21:22:43', '2025-12-22 21:22:43'),
(69, 'owner_da2a377c@test.local', '$argon2id$v=19$m=65536,t=4,p=1$dkQ2WE9xbGlMNmZlTTlReQ$G5sg9ysEJ8yk4pDtFCn53QAJFBn35rHE09jIO+FKnb4', 'Owner', 'Test', 'OWNER', 'gratuit', NULL, NULL, 0, 'email', NULL, NULL, '2025-12-22 21:23:07', '2025-12-22 21:23:07'),
(70, 'owner_fdabc852@test.local', '$argon2id$v=19$m=65536,t=4,p=1$QnF4TWdNcDJ1a254VzJlZQ$p2XM3E3Z+oT1vnk/xu2CszbdxbLnrfLsW4kle2H9WZw', 'Owner', 'Test', 'OWNER', 'gratuit', NULL, NULL, 0, 'email', NULL, NULL, '2025-12-22 21:25:22', '2025-12-22 21:25:22'),
(71, 'user_1eeeeba1@test.local', '$argon2id$v=19$m=65536,t=4,p=1$THRkUlgvZjBEQzlWS2VqcQ$+e0x8kZK46U6S5D9WsOrf+8Z5sELTpRdvx5TiRF5FUo', 'User', 'Test', 'USER', 'gratuit', NULL, NULL, 0, 'email', NULL, NULL, '2025-12-22 21:26:56', '2025-12-22 21:26:56'),
(72, 'user_3ff766f6@test.local', '$argon2id$v=19$m=65536,t=4,p=1$RndpVmt1UTVndmw1V0Rzcg$GJxkjkVxqGLFQm9YoT3V+cHeLAitNWnKclVqJurEGvk', 'User', 'Test', 'USER', 'gratuit', NULL, NULL, 0, 'email', NULL, NULL, '2025-12-22 21:29:14', '2025-12-22 21:29:14'),
(73, 'user_bf5eb0bf@test.local', '$argon2id$v=19$m=65536,t=4,p=1$aFp3YjVOenZCNmJzUERHVw$LCgpIz7UaIunUHy14NQ7LDnX7Rhtq4CQnb/HgBzhO1w', 'User', 'Test', 'USER', 'gratuit', NULL, NULL, 0, 'email', NULL, NULL, '2025-12-22 21:29:25', '2025-12-22 21:29:25'),
(74, 'user_b08533d1@test.local', '$argon2id$v=19$m=65536,t=4,p=1$MFFhVlpocldteVdUZ2didA$/0+2s7NUg5/zzcJkl4UUAlZAbZyRO1W8ipGIIbELzuw', 'User', 'Test', 'USER', 'gratuit', NULL, NULL, 0, 'email', NULL, NULL, '2025-12-22 21:32:02', '2025-12-22 21:32:02'),
(75, 'owner_143cb4a5@test.local', '$argon2id$v=19$m=65536,t=4,p=1$a3FOdWl0WkxnVU5qQ2RhaA$fMi7hKaP37goKz6Lbo+00Nu1lzmI6hrCAJnhdAv6F1c', 'Owner', 'Test', 'OWNER', 'gratuit', NULL, NULL, 0, 'email', NULL, NULL, '2025-12-22 21:32:34', '2025-12-22 21:32:34'),
(76, 'owner_1c61351a@test.local', '$argon2id$v=19$m=65536,t=4,p=1$T0ZpOVZCaldTWURzL2NCdA$vkj4CxqwNAKiGYTozso8RNvnGCk+tQb+NYAKh4+ZMTI', 'Owner', 'Test', 'OWNER', 'gratuit', NULL, NULL, 0, 'email', NULL, NULL, '2025-12-22 21:32:34', '2025-12-22 21:32:34'),
(77, 'user_a5ee841e@test.local', '$argon2id$v=19$m=65536,t=4,p=1$bjJON0dPWUxjTGdGdVowQQ$qrpr8Vra3a0hklTJxUf4KmnoQZfPuQSQRAB9qi51chg', 'User', 'Test', 'USER', 'gratuit', NULL, NULL, 0, 'email', NULL, NULL, '2025-12-22 21:32:35', '2025-12-22 21:32:35'),
(78, 'user_74fcca44@test.local', '$argon2id$v=19$m=65536,t=4,p=1$TWYwa3VkYnNxb1lBeEUyZg$DpV+iM0phe4PGlDwoCv5XIy61JZxlqY1LLah1NbYGrg', 'User', 'Test', 'USER', 'gratuit', NULL, NULL, 0, 'email', NULL, NULL, '2025-12-22 21:32:35', '2025-12-22 21:32:35'),
(79, 'owner_f4c34518@test.local', '$argon2id$v=19$m=65536,t=4,p=1$MmtsOUlEcFNIQlo2MEEzOQ$TsqNtnJLsD5IodpJjPpHvnCtQgSU4AYyAVpysrdnkFU', 'Owner', 'Test', 'OWNER', 'gratuit', NULL, NULL, 0, 'email', NULL, NULL, '2025-12-22 21:32:38', '2025-12-22 21:32:38'),
(80, 'owner_4096b6b0@test.local', '$argon2id$v=19$m=65536,t=4,p=1$SnEwakNvVTV4YW5CZ0Z3Ug$grfv74M+sCZCJjMRTiYEnYp/3KPrrBO94u7DxoC2tI8', 'Owner', 'Test', 'OWNER', 'gratuit', NULL, NULL, 0, 'email', NULL, NULL, '2025-12-22 21:32:43', '2025-12-22 21:32:43'),
(81, 'user_b913f9ef@test.local', '$argon2id$v=19$m=65536,t=4,p=1$dlEudmM0TVhoRFpwSVE2cQ$50lR7g4ATXR4lwYIRQLzJp5ZuNmjoOwaej7xQO3m8eY', 'User', 'Test', 'USER', 'gratuit', NULL, NULL, 0, 'email', NULL, NULL, '2025-12-22 21:32:43', '2025-12-22 21:32:43'),
(82, 'user_3ea1d988@test.local', '$argon2id$v=19$m=65536,t=4,p=1$c3hiM3UvSmJ1WHhwZHVGOQ$pyBZM7U6LHWA7H0aldbaRpbLx547drqR9nZyoU8RZK0', 'User', 'Test', 'USER', 'gratuit', NULL, NULL, 0, 'email', NULL, NULL, '2025-12-22 21:32:44', '2025-12-22 21:32:44'),
(83, 'owner_fb5e27c6@test.local', '$argon2id$v=19$m=65536,t=4,p=1$YWtYVHBSeGhJYVBBZE9RbQ$CmpsiAAo+Aox8LZVMh6kuIfWa2QFNHTJQJN78oLDAN8', 'Owner', 'Test', 'OWNER', 'gratuit', NULL, NULL, 0, 'email', NULL, NULL, '2025-12-22 21:36:04', '2025-12-22 21:36:04'),
(84, 'owner_afabf852@test.local', '$argon2id$v=19$m=65536,t=4,p=1$OGdJRmhCNW5rNkNTclpLQw$8XS7R241BmHjwYAbx9yzKGeX3kopm2HihcRKljxj0CQ', 'Owner', 'Test', 'OWNER', 'gratuit', NULL, NULL, 0, 'email', NULL, NULL, '2025-12-22 21:36:04', '2025-12-22 21:36:04'),
(85, 'user_21429019@test.local', '$argon2id$v=19$m=65536,t=4,p=1$RWtaUDhtdmFwVzVIOFpWOA$Rd6X/VmEza203JLHB3Ev837JOD5DZZolX8B6vVhJkAA', 'User', 'Test', 'USER', 'gratuit', NULL, NULL, 0, 'email', NULL, NULL, '2025-12-22 21:36:05', '2025-12-22 21:36:05'),
(86, 'user_17e00c3d@test.local', '$argon2id$v=19$m=65536,t=4,p=1$M2ZMNGVnbnR2Ym1teU1oYw$HAbEKv706vFBJCdUvGBAmWmxMVT9It0kh9tnkEWlmfA', 'User', 'Test', 'USER', 'gratuit', NULL, NULL, 0, 'email', NULL, NULL, '2025-12-22 21:36:05', '2025-12-22 21:36:05'),
(87, 'owner_ddbbd626@test.local', '$argon2id$v=19$m=65536,t=4,p=1$cmk5MzB5eGR4S2R4bUtuaQ$xOOiLjogRtqjkTpiTOa56kNyNB/ZU8yFfdF2bSRjHvw', 'Owner', 'Test', 'OWNER', 'gratuit', NULL, NULL, 0, 'email', NULL, NULL, '2025-12-22 21:36:28', '2025-12-22 21:36:28'),
(88, 'owner_360dd1c3@test.local', '$argon2id$v=19$m=65536,t=4,p=1$bHZvLzViNzFNUmQ5RmhvMg$yZY8MsvUsnuv1R7XMgheW8X4MNLbil+uJ8i16qSwkv4', 'Owner', 'Test', 'OWNER', 'gratuit', NULL, NULL, 0, 'email', NULL, NULL, '2025-12-22 21:36:28', '2025-12-22 21:36:28'),
(89, 'user_ab4f6971@test.local', '$argon2id$v=19$m=65536,t=4,p=1$eGpGUy81MFhPNWtyalZLWQ$oQvAf2NEz1EK3Pa8AdLTKzcrgFEdfUInzPOxSFP1FVM', 'User', 'Test', 'USER', 'gratuit', NULL, NULL, 0, 'email', NULL, NULL, '2025-12-22 21:36:29', '2025-12-22 21:36:29'),
(90, 'user_cf36bd7d@test.local', '$argon2id$v=19$m=65536,t=4,p=1$b2I1d3c1aE1EVURIUkFjNg$ur+HvzcXsM54hR1rqrvHOTYV/CsxwpahyRAKn5q2e0I', 'User', 'Test', 'USER', 'gratuit', NULL, NULL, 0, 'email', NULL, NULL, '2025-12-22 21:36:29', '2025-12-22 21:36:29'),
(91, 'owner_3577df6e@test.local', '$argon2id$v=19$m=65536,t=4,p=1$Z3RDR0ZoYmpQcWcwNVRReg$ycv4sbGSK+mWD6OuUQoOhHFqM87gRtjH75vLFTjM6kc', 'Owner', 'Test', 'OWNER', 'gratuit', NULL, NULL, 0, 'email', NULL, NULL, '2025-12-22 21:36:32', '2025-12-22 21:36:32'),
(92, 'owner_f7fa6f89@test.local', '$argon2id$v=19$m=65536,t=4,p=1$ZEVaWXNabG1Zc1NEa2Y5Mw$dLa5mn/Nbhfuw8RLaJqUr1NMxQmtnZzWcd0IhCV+oCM', 'Owner', 'Test', 'OWNER', 'gratuit', NULL, NULL, 0, 'email', NULL, NULL, '2025-12-22 21:36:37', '2025-12-22 21:36:37'),
(93, 'user_cd86708d@test.local', '$argon2id$v=19$m=65536,t=4,p=1$aEhoRGRVVHBaUDNrazRCcQ$U76GEVKIohZ5OV/7AlifrwYSajG6iuRRTC3ceotszuk', 'User', 'Test', 'USER', 'gratuit', NULL, NULL, 0, 'email', NULL, NULL, '2025-12-22 21:36:37', '2025-12-22 21:36:37'),
(94, 'user_26be5c64@test.local', '$argon2id$v=19$m=65536,t=4,p=1$MGFXUkFvZXdpZS9kWHhrMg$auxXWZtTvfgtHjf5fVbCQ8qMnLFh4hq8Q3+BaY3EG3c', 'User', 'Test', 'USER', 'gratuit', NULL, NULL, 0, 'email', NULL, NULL, '2025-12-22 21:36:38', '2025-12-22 21:36:38'),
(95, 'owner_384c2e2d@test.local', '$argon2id$v=19$m=65536,t=4,p=1$bUlRNnhTUVVVcGFFZWxJLw$gKdn0QmKWN6pIeBEKe7MI7wSOlOGEXKiN0lQu/fUVeI', 'Owner', 'Test', 'OWNER', 'gratuit', NULL, NULL, 0, 'email', NULL, NULL, '2025-12-22 21:36:53', '2025-12-22 21:36:53'),
(96, 'owner_09e630bb@test.local', '$argon2id$v=19$m=65536,t=4,p=1$MTVSMXdkcTM2ZE9WWDdpeQ$u5ozoSVqKHskC6cOP4gC2SosWPgkAbqaGxet/G36Dwk', 'Owner', 'Test', 'OWNER', 'gratuit', NULL, NULL, 0, 'email', NULL, NULL, '2025-12-22 21:36:54', '2025-12-22 21:36:54'),
(97, 'user_c7fef776@test.local', '$argon2id$v=19$m=65536,t=4,p=1$SGlBNnFuNGc4MDd4ZU1PVw$T00fUwjVCb0PXB7OMhG5r4/jeyChtun+JLfvzHDsH5o', 'User', 'Test', 'USER', 'gratuit', NULL, NULL, 0, 'email', NULL, NULL, '2025-12-22 21:36:54', '2025-12-22 21:36:54'),
(98, 'user_dd12239d@test.local', '$argon2id$v=19$m=65536,t=4,p=1$STlxeVk4ZEJwUko5cXhQMQ$ph7wrHnxO0WAmx2owiNWTJdTdTlDCAg1KCPkEFrROxM', 'User', 'Test', 'USER', 'gratuit', NULL, NULL, 0, 'email', NULL, NULL, '2025-12-22 21:36:55', '2025-12-22 21:36:55'),
(99, 'owner_67de7b9d@test.local', '$argon2id$v=19$m=65536,t=4,p=1$c0RmU2pTNkROcE1Pclc5Tw$Ms68M0l9gt7MY1uy4M+OWr/0BuAH2hvNm/yfuTUGVu8', 'Owner', 'Test', 'OWNER', 'gratuit', NULL, NULL, 0, 'email', NULL, NULL, '2025-12-22 21:41:44', '2025-12-22 21:41:44'),
(100, 'owner_97c0d6f1@test.local', '$argon2id$v=19$m=65536,t=4,p=1$ZjAydkdOcmFkdFU4YWppQw$IEinujb9ExHQvZ7dxpHWGbRRlAB0t/yiOoONz2NWmIs', 'Owner', 'Test', 'OWNER', 'gratuit', NULL, NULL, 0, 'email', NULL, NULL, '2025-12-22 21:41:44', '2025-12-22 21:41:44'),
(101, 'user_0a97a21d@test.local', '$argon2id$v=19$m=65536,t=4,p=1$a2U3NzN4TWMubVpSNllSUQ$WSclHtgrMynTJbgUpGkWh+sGG84A9Bj9mkC8WwrXK/8', 'User', 'Test', 'USER', 'gratuit', NULL, NULL, 0, 'email', NULL, NULL, '2025-12-22 21:41:44', '2025-12-22 21:41:44'),
(102, 'user_67f93dd4@test.local', '$argon2id$v=19$m=65536,t=4,p=1$elJDNG1hL0Q1dklVLzgyLw$m9C4aqHHFWkmdps/arkjNRL+Gs/5/qdyZaA3bKU4pPc', 'User', 'Test', 'USER', 'gratuit', NULL, NULL, 0, 'email', NULL, NULL, '2025-12-22 21:41:45', '2025-12-22 21:41:45'),
(103, 'owner_a9b47170@test.local', '$argon2id$v=19$m=65536,t=4,p=1$Tlo5SmVNLnYvaFQ4cUF4Zg$82rghDL8SPbhi/nm0CE/1AobtmE8d4HPeyMOwNk7NW4', 'Owner', 'Test', 'OWNER', 'gratuit', NULL, NULL, 0, 'email', NULL, NULL, '2025-12-22 21:42:49', '2025-12-22 21:42:49'),
(104, 'owner_c487cdb1@test.local', '$argon2id$v=19$m=65536,t=4,p=1$bGlHSzdmamRQT1pDVjdCbA$hfyoomUdf4EXNCAmuVaFCwbT4fZhAtcXbo/HpSlPl3A', 'Owner', 'Test', 'OWNER', 'gratuit', NULL, NULL, 0, 'email', NULL, NULL, '2025-12-22 21:42:50', '2025-12-22 21:42:50'),
(105, 'user_82687b79@test.local', '$argon2id$v=19$m=65536,t=4,p=1$WnIwUEFCMy9JbkF6S2t2aA$mWF9Gaz5wPUY5IEDXUIT+Db75WuDO+U38MyBFZn7TSw', 'User', 'Test', 'USER', 'gratuit', NULL, NULL, 0, 'email', NULL, NULL, '2025-12-22 21:42:50', '2025-12-22 21:42:50'),
(106, 'user_fbf6acce@test.local', '$argon2id$v=19$m=65536,t=4,p=1$M2JNUDlKSmdnM2NUS1R1dw$Lo/xDLP+AsDgNgso82qJY3sRmtThdQhEjCpJOOJIZJI', 'User', 'Test', 'USER', 'gratuit', NULL, NULL, 0, 'email', NULL, NULL, '2025-12-22 21:42:51', '2025-12-22 21:42:51'),
(107, 'owner_5a2b6d46@test.local', '$argon2id$v=19$m=65536,t=4,p=1$Li5VQXhRQ3RSVDRFNWxrMQ$xGrk+9N46hZpX+W9rRiqa2RUg7Pxf5BYaNRisEbs1Z8', 'Owner', 'Test', 'OWNER', 'gratuit', NULL, NULL, 0, 'email', NULL, NULL, '2025-12-22 21:43:19', '2025-12-22 21:43:19'),
(108, 'owner_50c5aea7@test.local', '$argon2id$v=19$m=65536,t=4,p=1$V2Y2Yno2V3VlZktGdGtxYQ$pvc8L7/qTjj9GFLwGmUHNcMzHJU3K/tcot+YTQhI02o', 'Owner', 'Test', 'OWNER', 'gratuit', NULL, NULL, 0, 'email', NULL, NULL, '2025-12-22 21:43:19', '2025-12-22 21:43:19'),
(109, 'user_fb7c514c@test.local', '$argon2id$v=19$m=65536,t=4,p=1$OGh0NDVSMGVqLnA5OE5iOA$iYwUZw+x6qKY3DwfgPRyNCR6ZF79UVu6BiQzH7hWh7g', 'User', 'Test', 'USER', 'gratuit', NULL, NULL, 0, 'email', NULL, NULL, '2025-12-22 21:43:19', '2025-12-22 21:43:19'),
(110, 'user_41206d8f@test.local', '$argon2id$v=19$m=65536,t=4,p=1$M280ZTY2bW4zZ2p6eWJnSA$sHO2AdHdQgTsl/ubX/kvIWkWAZigmL0cKtAT5rOK9zs', 'User', 'Test', 'USER', 'gratuit', NULL, NULL, 0, 'email', NULL, NULL, '2025-12-22 21:43:20', '2025-12-22 21:43:20'),
(111, 'owner_822057e2@test.local', '$argon2id$v=19$m=65536,t=4,p=1$aWlEb2VmckdET1p3SE5ZNg$UnRWKiHhtDnLnhqcS/RSCc18hMRmP9D12Lq7jHYM1E8', 'Owner', 'Test', 'OWNER', 'gratuit', NULL, NULL, 0, 'email', NULL, NULL, '2025-12-22 21:47:25', '2025-12-22 21:47:25'),
(112, 'owner_c7e6dd9b@test.local', '$argon2id$v=19$m=65536,t=4,p=1$Z1ExcGFHL3dVQnJwZXdHUg$NYDfZviTdbXBTRvKsC0yr3v3MHwYvvQG0EAcHGchBwU', 'Owner', 'Test', 'OWNER', 'gratuit', NULL, NULL, 0, 'email', NULL, NULL, '2025-12-22 21:47:25', '2025-12-22 21:47:25'),
(113, 'user_e41c1764@test.local', '$argon2id$v=19$m=65536,t=4,p=1$dWdCMzA1SlJFc1B0MDVINg$QodThgN2PJMI3B2B99sFCTlrSyNWwnvr1vBtiMxHgnQ', 'User', 'Test', 'USER', 'gratuit', NULL, NULL, 0, 'email', NULL, NULL, '2025-12-22 21:47:25', '2025-12-22 21:47:25'),
(114, 'user_26d5db38@test.local', '$argon2id$v=19$m=65536,t=4,p=1$VDhyQ1Y3SEJtd2QwT0lQMA$FhxOBVf/tQuxV4BO1FwS9ya0VtrxDlv0jwvn1EvB8Bg', 'User', 'Test', 'USER', 'gratuit', NULL, NULL, 0, 'email', NULL, NULL, '2025-12-22 21:47:25', '2025-12-22 21:47:25'),
(115, 'owner_f2e02005@test.local', '$argon2id$v=19$m=65536,t=4,p=1$NkFHV0JXY3BPbjh0Ni9OcQ$y1c3056O3L+6O5Bp3om7sR6P9U5ujzZPYfKj9Ai9Hto', 'Owner', 'Test', 'OWNER', 'gratuit', NULL, NULL, 0, 'email', NULL, NULL, '2025-12-22 21:48:10', '2025-12-22 21:48:10'),
(116, 'owner_cafccd25@test.local', '$argon2id$v=19$m=65536,t=4,p=1$OFUwa0RhLy5Bd3FNZkVPTg$SnPusSOw5LYgeZs/A4hXu1gXzikHnwIKmWPEtRd72Qg', 'Owner', 'Test', 'OWNER', 'gratuit', NULL, NULL, 0, 'email', NULL, NULL, '2025-12-22 21:48:10', '2025-12-22 21:48:10'),
(117, 'user_357ff7b5@test.local', '$argon2id$v=19$m=65536,t=4,p=1$N3JEMy9FbmplajVYZEN6UA$KHsEVUzlKpo/diAE9yvdTBoKBYgtr8Kx5S0InQqFeRE', 'User', 'Test', 'USER', 'gratuit', NULL, NULL, 0, 'email', NULL, NULL, '2025-12-22 21:48:11', '2025-12-22 21:48:11'),
(118, 'user_66a6093a@test.local', '$argon2id$v=19$m=65536,t=4,p=1$eVRRMFpsQ1lZbTEubnZtTA$U9LURPq1NRtjW7+wMmByizHwG1nd621f5PlfNdMIxFQ', 'User', 'Test', 'USER', 'gratuit', NULL, NULL, 0, 'email', NULL, NULL, '2025-12-22 21:48:11', '2025-12-22 21:48:11'),
(119, 'owner_73afbe0e@test.local', '$argon2id$v=19$m=65536,t=4,p=1$WHpITWguQXJicy5jSWs1Wg$XvlAgzATlQ1Ms12+hFwilPT4v17gLjD5cIJDNgvGz1M', 'Owner', 'Test', 'OWNER', 'gratuit', NULL, NULL, 0, 'email', NULL, NULL, '2025-12-22 21:51:12', '2025-12-22 21:51:12'),
(120, 'owner_c334f2e8@test.local', '$argon2id$v=19$m=65536,t=4,p=1$OVF4NElKeTk4RDJyQW05Rg$XUtPyI1yLWmMAuXWb/mz68eoz0rJfa8u4FfND1PrJ7o', 'Owner', 'Test', 'OWNER', 'gratuit', NULL, NULL, 0, 'email', NULL, NULL, '2025-12-22 21:51:12', '2025-12-22 21:51:12'),
(121, 'user_e39981d0@test.local', '$argon2id$v=19$m=65536,t=4,p=1$V3duVi42RnVqbnJ0cUlIRg$5tkeVxUGVqou2uPvWbifTEGAdnij5tMIFgLP7m6A5U0', 'User', 'Test', 'USER', 'gratuit', NULL, NULL, 0, 'email', NULL, NULL, '2025-12-22 21:51:13', '2025-12-22 21:51:13'),
(122, 'user_856f5f18@test.local', '$argon2id$v=19$m=65536,t=4,p=1$MFpqQ3hQM3pwYVNQcnBOSw$9712tE7V+02zaT4U1BL5eKEpQ/xr2OUrfFf1ZXSCSGU', 'User', 'Test', 'USER', 'gratuit', NULL, NULL, 0, 'email', NULL, NULL, '2025-12-22 21:51:13', '2025-12-22 21:51:13'),
(123, 'owner_72829548@test.local', '$argon2id$v=19$m=65536,t=4,p=1$LmI5aUNvZllSUUEvZjJBOQ$aqVvAKyD+vUcR/NWUZGbLVl2SGyDv4+4ZiNlYbrZ6AI', 'Owner', 'Test', 'OWNER', 'gratuit', NULL, NULL, 0, 'email', NULL, NULL, '2025-12-22 21:51:26', '2025-12-22 21:51:26'),
(124, 'owner_216332ed@test.local', '$argon2id$v=19$m=65536,t=4,p=1$TzlTVExmN3prc2k0Q3lHLw$+MphPnHcOT7KUtX/OQtJyi0Hb0hNrrneA/2s1inHmBs', 'Owner', 'Test', 'OWNER', 'gratuit', NULL, NULL, 0, 'email', NULL, NULL, '2025-12-22 21:51:27', '2025-12-22 21:51:27'),
(125, 'user_e4dfbc2f@test.local', '$argon2id$v=19$m=65536,t=4,p=1$dzI2TTNjWWFvM0tFajJvUA$Nq72+y5kQoHpyEwSoR6XvxXnIZAvStluFBCXNZfgqBA', 'User', 'Test', 'USER', 'gratuit', NULL, NULL, 0, 'email', NULL, NULL, '2025-12-22 21:51:27', '2025-12-22 21:51:27'),
(126, 'user_4a0d5ea6@test.local', '$argon2id$v=19$m=65536,t=4,p=1$VW1hY0VMOEN1cnVuZ3VVeQ$TcIg+x/IXVc7EsHsl3zU7emaRdaGyg3vnakW6/6Nk/0', 'User', 'Test', 'USER', 'gratuit', NULL, NULL, 0, 'email', NULL, NULL, '2025-12-22 21:51:27', '2025-12-22 21:51:27'),
(127, 'owner_7a7f42e4@test.local', '$argon2id$v=19$m=65536,t=4,p=1$YnBYQ2hpSk1CczhLVHgzaw$BjpqgDm7PTGbhFMintwIBz4ljxhryML3d9NACOVt99A', 'Owner', 'Test', 'OWNER', 'gratuit', NULL, NULL, 0, 'email', NULL, NULL, '2025-12-22 21:54:43', '2025-12-22 21:54:43'),
(128, 'owner_4a515c07@test.local', '$argon2id$v=19$m=65536,t=4,p=1$NFcvQzIxL2wwVWVEa2Q5Ng$SKw1K4+pmD4RiGbyeT28mnQ/5Axq3A2S0qfxADBtAPg', 'Owner', 'Test', 'OWNER', 'gratuit', NULL, NULL, 0, 'email', NULL, NULL, '2025-12-22 21:54:43', '2025-12-22 21:54:43'),
(129, 'user_022c87bf@test.local', '$argon2id$v=19$m=65536,t=4,p=1$NnI4ZWhPWFVoN0NWUXk1bg$vTtqHT457rNckW6ch5sQWy6mq0HPsbx4Xe4TJM56qvI', 'User', 'Test', 'USER', 'gratuit', NULL, NULL, 0, 'email', NULL, NULL, '2025-12-22 21:54:43', '2025-12-22 21:54:43'),
(130, 'user_112550ce@test.local', '$argon2id$v=19$m=65536,t=4,p=1$a2lxQVd3bms5TTNQbUV4Mw$iHwU3NlZKLyq/AKQMYbf5/g1yovfuV18VLIuzt6u5II', 'User', 'Test', 'USER', 'gratuit', NULL, NULL, 0, 'email', NULL, NULL, '2025-12-22 21:54:43', '2025-12-22 21:54:43'),
(131, 'owner_8cbdcef5@test.local', '$argon2id$v=19$m=65536,t=4,p=1$SWN6RncubGtxaUtrdUJnRw$DwawHWnLnp6C7g/mHxpJGU2W1+aQ1dRIJYwCL9UOmhU', 'Owner', 'Test', 'OWNER', 'gratuit', NULL, NULL, 0, 'email', NULL, NULL, '2025-12-22 21:55:22', '2025-12-22 21:55:22'),
(132, 'owner_c9dcfa4c@test.local', '$argon2id$v=19$m=65536,t=4,p=1$NGtIQmVMYXhERkpvbnlQOA$c9cY1A23b2btjNYfFqKd+Jbk8er++DMwKpTEspi4V+Y', 'Owner', 'Test', 'OWNER', 'gratuit', NULL, NULL, 0, 'email', NULL, NULL, '2025-12-22 21:55:23', '2025-12-22 21:55:23'),
(133, 'user_6e8d1a78@test.local', '$argon2id$v=19$m=65536,t=4,p=1$YkhDUmk2dDNXYi9xTGVlZQ$5fjZPth2coU6fZfzjPXRQNxZInCWqdap+/1zl+HpQ6Y', 'User', 'Test', 'USER', 'gratuit', NULL, NULL, 0, 'email', NULL, NULL, '2025-12-22 21:55:23', '2025-12-22 21:55:23'),
(134, 'user_22af339f@test.local', '$argon2id$v=19$m=65536,t=4,p=1$VTZlbmsvUERLeFNabVJENw$vt0W9PzDrKaoMODBCv54hh8Hm04edoUZPRHG4AnFnmM', 'User', 'Test', 'USER', 'gratuit', NULL, NULL, 0, 'email', NULL, NULL, '2025-12-22 21:55:23', '2025-12-22 21:55:23'),
(135, 'owner_eef58b4a@test.local', '$argon2id$v=19$m=65536,t=4,p=1$cElSNHdQWVNFbnFNSlMzbw$0sKCefzo/sO/3ysW6T6cGVOF8RobXFGFxl+Wzj0bAv4', 'Owner', 'Test', 'OWNER', 'gratuit', NULL, NULL, 0, 'email', NULL, NULL, '2025-12-22 22:14:27', '2025-12-22 22:14:27'),
(136, 'owner_c6603216@test.local', '$argon2id$v=19$m=65536,t=4,p=1$amt4NTMyUG1TdDBvR3pmUw$Z/BcMUsGiuuwJJ1xYlGUwnOd+AOqv+v7z7nxVLhg3Pw', 'Owner', 'Test', 'OWNER', 'gratuit', NULL, NULL, 0, 'email', NULL, NULL, '2025-12-22 22:14:27', '2025-12-22 22:14:27'),
(137, 'user_f01681f5@test.local', '$argon2id$v=19$m=65536,t=4,p=1$YkFyVFNBYWZuQkZrNUhGaw$Ptqsd8iPdgFQ4XcSokDrfU6v8KmM9UKDGrBPuMuzamE', 'User', 'Test', 'USER', 'gratuit', NULL, NULL, 0, 'email', NULL, NULL, '2025-12-22 22:14:28', '2025-12-22 22:14:28'),
(138, 'user_e470f5ec@test.local', '$argon2id$v=19$m=65536,t=4,p=1$b2gyS21hRmpDWlk5TTB1SA$9Jt2UXyTXVO4cFRWsj0F8ca6qpAL3pFi+R+zfANEVVY', 'User', 'Test', 'USER', 'gratuit', NULL, NULL, 0, 'email', NULL, NULL, '2025-12-22 22:14:28', '2025-12-22 22:14:28'),
(139, 'owner_35790e08@test.local', '$argon2id$v=19$m=65536,t=4,p=1$ajh2aXVNQjNEUWpJd2FJVA$NFcgm/P4SUX6A1EbaDs5bwa0qpcOeDfIrc5sYoHHpnQ', 'Owner', 'Test', 'OWNER', 'gratuit', NULL, NULL, 0, 'email', NULL, NULL, '2025-12-22 22:14:38', '2025-12-22 22:14:38'),
(140, 'owner_1652dd35@test.local', '$argon2id$v=19$m=65536,t=4,p=1$cW96ZEhDZXhtZ0l1Ujc2TQ$9kxU6EUQBAD4CqXlJq75vLUgEeoQAxJzSly3QGR3U90', 'Owner', 'Test', 'OWNER', 'gratuit', NULL, NULL, 0, 'email', NULL, NULL, '2025-12-22 22:14:39', '2025-12-22 22:14:39'),
(141, 'user_14d06534@test.local', '$argon2id$v=19$m=65536,t=4,p=1$SWhvamw0YUJwYW02SW5lWQ$N83wER0WR6b09OV6UUqggzD4mo+JZOzAQ7fl1DhQSxs', 'User', 'Test', 'USER', 'gratuit', NULL, NULL, 0, 'email', NULL, NULL, '2025-12-22 22:14:39', '2025-12-22 22:14:39'),
(142, 'user_5649a7c6@test.local', '$argon2id$v=19$m=65536,t=4,p=1$dkJQSDlIMzFKU1o0MFd1MA$NKdulOfGVrbs7Rwry5cTENvgn2DB3LLrDyS1vidEWTI', 'User', 'Test', 'USER', 'gratuit', NULL, NULL, 0, 'email', NULL, NULL, '2025-12-22 22:14:39', '2025-12-22 22:14:39'),
(143, 'owner_d5514374@test.local', '$argon2id$v=19$m=65536,t=4,p=1$MHRSQ21CQlg1SzJTYmpMRQ$YmUL0/8I9czmTvARkn7bavnmTpPiFikRwIqQw2yR5tI', 'Owner', 'Test', 'OWNER', 'gratuit', NULL, NULL, 0, 'email', NULL, NULL, '2025-12-22 22:14:48', '2025-12-22 22:14:48'),
(144, 'owner_89f7f597@test.local', '$argon2id$v=19$m=65536,t=4,p=1$aDNrZDVMdS90Ljc0TnBlWA$9DNg1xWXmhlt7XnTCkkcNZsW8SaivfKmP/KJkk6bLyE', 'Owner', 'Test', 'OWNER', 'gratuit', NULL, NULL, 0, 'email', NULL, NULL, '2025-12-22 22:14:48', '2025-12-22 22:14:48'),
(145, 'user_62412efd@test.local', '$argon2id$v=19$m=65536,t=4,p=1$OW1GU0taNGozRjNDYnRISw$dPPQUjfjwwfhGFqW6gmwm+RwPGuEF5CpQnxoF6Iogp4', 'User', 'Test', 'USER', 'gratuit', NULL, NULL, 0, 'email', NULL, NULL, '2025-12-22 22:14:49', '2025-12-22 22:14:49'),
(146, 'user_9fd6fd5f@test.local', '$argon2id$v=19$m=65536,t=4,p=1$MGpPN09BRlZlN0p6RURMdg$IM97u1Ea3pkoHng5OQaRtBPvgPf8bYa4B5ougF4WZSA', 'User', 'Test', 'USER', 'gratuit', NULL, NULL, 0, 'email', NULL, NULL, '2025-12-22 22:14:49', '2025-12-22 22:14:49'),
(147, 'owner_99111f88@test.local', '$argon2id$v=19$m=65536,t=4,p=1$a2JmNFdlRU1HeTg2QUxJTg$Tr0HwhPavrWjJAx47xVs2knZCkzCN971U60P+C0P63Q', 'Owner', 'Test', 'OWNER', 'gratuit', NULL, NULL, 0, 'email', NULL, NULL, '2025-12-22 22:15:08', '2025-12-22 22:15:08'),
(148, 'owner_d506a59d@test.local', '$argon2id$v=19$m=65536,t=4,p=1$SFhZd0ZzcnlxSEQ1M1V0TA$ITWqELY2ZymB8KUQbqzrNv7mnd6mrfGmayyDHle0Ub0', 'Owner', 'Test', 'OWNER', 'gratuit', NULL, NULL, 0, 'email', NULL, NULL, '2025-12-22 22:15:08', '2025-12-22 22:15:08'),
(149, 'user_a5a05c90@test.local', '$argon2id$v=19$m=65536,t=4,p=1$OFZRbnVwcE1DM2lxTzgyUg$QLcAKlRAY91eIm75Osi1rCdEZfjxaBqlxE6Als5n5zU', 'User', 'Test', 'USER', 'gratuit', NULL, NULL, 0, 'email', NULL, NULL, '2025-12-22 22:15:08', '2025-12-22 22:15:08'),
(150, 'owner_7767649d@test.local', '$argon2id$v=19$m=65536,t=4,p=1$VWdNR2Z1ZlpvMU95ODUvdw$WbfgqrR9z1l1gGj7+01Fi0hTQJ2nBKlnw2Ni3D/kTw0', 'Owner', 'Test', 'OWNER', 'gratuit', NULL, NULL, 0, 'email', NULL, NULL, '2025-12-22 22:19:12', '2025-12-22 22:19:12'),
(151, 'owner_0399b4ee@test.local', '$argon2id$v=19$m=65536,t=4,p=1$c3BBVjh0Z1FwM0JibmtUUg$AWkLR30QhKYOqFq+XMlnR855euoBt7/klMZBEuI8PzY', 'Owner', 'Test', 'OWNER', 'gratuit', NULL, NULL, 0, 'email', NULL, NULL, '2025-12-22 22:19:12', '2025-12-22 22:19:12'),
(152, 'user_e395386d@test.local', '$argon2id$v=19$m=65536,t=4,p=1$eS9nM1FLOE9ha3dJR3FsVQ$Q+x06b3zEqFH+WlrIBH3krVbew6aaj3lExB8x6CC5mA', 'User', 'Test', 'USER', 'gratuit', NULL, NULL, 0, 'email', NULL, NULL, '2025-12-22 22:19:12', '2025-12-22 22:19:12'),
(153, 'owner_2ec844cd@test.local', '$argon2id$v=19$m=65536,t=4,p=1$ZllqMHRzQlhJVmJUMVBveg$5GGRLp6nkuO1kbwQgpvP7zd7oDlLzPM5WjPREF3M0hg', 'Owner', 'Test', 'OWNER', 'gratuit', NULL, NULL, 0, 'email', NULL, NULL, '2025-12-22 22:20:00', '2025-12-22 22:20:00'),
(154, 'owner_daf2e901@test.local', '$argon2id$v=19$m=65536,t=4,p=1$d01tUUtSSE5OdGxvOUpUMw$7X4icxqFp8SSVcgizNj5LUP7xTX9z+vB0FsdNzdwQmw', 'Owner', 'Test', 'OWNER', 'gratuit', NULL, NULL, 0, 'email', NULL, NULL, '2025-12-22 22:20:00', '2025-12-22 22:20:00'),
(155, 'user_41756b7f@test.local', '$argon2id$v=19$m=65536,t=4,p=1$d0NZN2Fyc09nUXZNa0lZbg$7062aEag4JgHD13fb3uuH2KGMPJOY0EX3uNyQLyubrU', 'User', 'Test', 'USER', 'gratuit', NULL, NULL, 0, 'email', NULL, NULL, '2025-12-22 22:20:00', '2025-12-22 22:20:00'),
(156, 'owner_02f4d71d@test.local', '$argon2id$v=19$m=65536,t=4,p=1$Tmx3ZU1lLk5QWE5UbUhrVA$ELAM1bLZHZfuzqpGbSGeOGuGAa4lVf2eZtn2JepRJFc', 'Owner', 'Test', 'OWNER', 'gratuit', NULL, NULL, 0, 'email', NULL, NULL, '2025-12-22 22:20:41', '2025-12-22 22:20:41'),
(157, 'owner_03295446@test.local', '$argon2id$v=19$m=65536,t=4,p=1$UVNadU95UnR6SzQzNElkYg$nenhCNSfOBeHpPblSKU+g94MwGfZT6+ULjzbVweO5pg', 'Owner', 'Test', 'OWNER', 'gratuit', NULL, NULL, 0, 'email', NULL, NULL, '2025-12-22 22:20:45', '2025-12-22 22:20:45'),
(158, 'user_a9ab5487@test.local', '$argon2id$v=19$m=65536,t=4,p=1$dmdKeG8zSUI2RFMuRFE4bQ$MVkYxTapJfSxBeKVwGoQ2u6fchQRd1aF2XNp58X/nrI', 'User', 'Test', 'USER', 'gratuit', NULL, NULL, 0, 'email', NULL, NULL, '2025-12-22 22:20:45', '2025-12-22 22:20:45'),
(159, 'owner_1693a0b0@test.local', '$argon2id$v=19$m=65536,t=4,p=1$YmE1ZEhRWFJkMktOSUs1OA$VU5r32K7kt1TBfvSk8QFXC38BfkmPdiwWV4VaCDB/Cw', 'Owner', 'Test', 'OWNER', 'gratuit', NULL, NULL, 0, 'email', NULL, NULL, '2025-12-22 22:23:50', '2025-12-22 22:23:50'),
(160, 'owner_926a12e4@test.local', '$argon2id$v=19$m=65536,t=4,p=1$Rk5SaFo0eXBHNVlQTlpaMw$ENodFuvWw4zCHby/Jl2+YtE6e3usgdvBCToUIxCk684', 'Owner', 'Test', 'OWNER', 'gratuit', NULL, NULL, 0, 'email', NULL, NULL, '2025-12-22 22:23:54', '2025-12-22 22:23:54'),
(161, 'user_98ed79e1@test.local', '$argon2id$v=19$m=65536,t=4,p=1$eHk0L3JSTDZ1eFh6TlFYSw$lmE1BZgxNtxSQp4AwYqbzvmCshKb6bc+Wu/uCGVYsv4', 'User', 'Test', 'USER', 'gratuit', NULL, NULL, 0, 'email', NULL, NULL, '2025-12-22 22:23:55', '2025-12-22 22:23:55'),
(162, 'owner_0f7add6d@test.local', '$argon2id$v=19$m=65536,t=4,p=1$S3JQNlAvMGVBVkFCU1BRVA$xI8D6DgXBL2kW6JgXAAfsmlKf2T0z/i8yInBQH0S+JQ', 'Owner', 'Test', 'OWNER', 'gratuit', NULL, NULL, 0, 'email', NULL, NULL, '2025-12-22 22:25:41', '2025-12-22 22:25:41'),
(163, 'owner_a0418924@test.local', '$argon2id$v=19$m=65536,t=4,p=1$NWtjcy9oY0ZFRzRSN294RA$kYU8mOkmPZzie1BZ6ErCJrlhzv9oRIFhuTSU5tkh48E', 'Owner', 'Test', 'OWNER', 'gratuit', NULL, NULL, 0, 'email', NULL, NULL, '2025-12-22 22:25:46', '2025-12-22 22:25:46'),
(164, 'user_e381417d@test.local', '$argon2id$v=19$m=65536,t=4,p=1$NHpTZXpmaEFqTVVFZjF2NA$DT0tHc6o2EvAj9BhsaJrXNU/uPNo7Sqr7XnzNsC4/go', 'User', 'Test', 'USER', 'gratuit', NULL, NULL, 0, 'email', NULL, NULL, '2025-12-22 22:25:46', '2025-12-22 22:25:46'),
(165, 'user_flow@test.local', '$argon2id$v=19$m=65536,t=4,p=1$Q1ZJUEhhWVdRLkh6d3FLUg$MTw8tbyf8n9XoawrVUn35BCLD1mHvq3IwequVHqoZGU', 'Flow', 'User', 'USER', 'gratuit', NULL, NULL, 0, 'email', NULL, NULL, '2025-12-22 22:39:43', '2025-12-22 22:39:43'),
(166, 'owner_28ccec7f@test.local', '$argon2id$v=19$m=65536,t=4,p=1$dEV6NUtveXoweThFUXljLw$5TAdSBSICpJqxkzZETuoELMlUDLH6pK/n0ffZimLOVE', 'Owner', 'Test', 'OWNER', 'gratuit', NULL, NULL, 0, 'email', NULL, NULL, '2025-12-22 22:39:55', '2025-12-22 22:39:55'),
(167, 'owner_b04eb788@test.local', '$argon2id$v=19$m=65536,t=4,p=1$ZDdwN1NNLk9GMDR5Ry9idg$2GJYvqwebCFqQl+6QLXqTdU4A12N6wJcVX9lP/fs//Q', 'Owner', 'Test', 'OWNER', 'gratuit', NULL, NULL, 0, 'email', NULL, NULL, '2025-12-22 22:39:59', '2025-12-22 22:39:59'),
(168, 'user_f773b15b@test.local', '$argon2id$v=19$m=65536,t=4,p=1$VDhCd3dIaEFPUk54TlF1dg$2/fetn5xA8dX7+HImlHCSvlhihSeSXt0hqaCoi9QP2w', 'User', 'Test', 'USER', 'gratuit', NULL, NULL, 0, 'email', NULL, NULL, '2025-12-22 22:40:00', '2025-12-22 22:40:00'),
(169, 'owner_00f3c775@test.local', '$argon2id$v=19$m=65536,t=4,p=1$TFVLVXF4TmdNdVU1cVgzcQ$26K7SyE/xKMlLkmpJ7ZrgudHYnkog5pXSdmFR9+zQDg', 'Owner', 'Test', 'OWNER', 'gratuit', NULL, NULL, 0, 'email', NULL, NULL, '2025-12-22 22:41:04', '2025-12-22 22:41:04'),
(170, 'owner_cd15fa0e@test.local', '$argon2id$v=19$m=65536,t=4,p=1$d254MXlGaG5EbTA0YmFETA$1YY/Xx3BbfM+phM7jQ4EhEDo9e+YhD48BvfR0XCdbEg', 'Owner', 'Test', 'OWNER', 'gratuit', NULL, NULL, 0, 'email', NULL, NULL, '2025-12-22 22:41:08', '2025-12-22 22:41:08'),
(171, 'user_d4e462b8@test.local', '$argon2id$v=19$m=65536,t=4,p=1$VllqYVJkb0VlcGxSWGhNYg$j67Wt9lwLm6lePjxiJU17OQk+rhCVwvWhcH5UpA2Vss', 'User', 'Test', 'USER', 'gratuit', NULL, NULL, 0, 'email', NULL, NULL, '2025-12-22 22:41:08', '2025-12-22 22:41:08'),
(172, 'owner_fcbc0046@test.local', '$argon2id$v=19$m=65536,t=4,p=1$blh1N2dXOUtZRHJMOWNZRA$5phmsC9k/rzIeoYEy9yiNHfQGxjProTC7M6C5mnB3yc', 'Owner', 'Test', 'OWNER', 'gratuit', NULL, NULL, 0, 'email', NULL, NULL, '2025-12-22 22:43:40', '2025-12-22 22:43:40'),
(173, 'owner_c4fc3bef@test.local', '$argon2id$v=19$m=65536,t=4,p=1$SlVEalZEcE82YlB2Y2lTag$ytINHNp7hp3EzH2Vvprra6rNm5nGzNdDQPpnjWhbjIk', 'Owner', 'Test', 'OWNER', 'gratuit', NULL, NULL, 0, 'email', NULL, NULL, '2025-12-22 22:43:44', '2025-12-22 22:43:44'),
(174, 'user_77e7deab@test.local', '$argon2id$v=19$m=65536,t=4,p=1$QkR5TDVhVU9SRmFNcEhTRQ$f0WA0/d2vfa6xvnfcbeXTOVp+o7YoLh6JraoUEBcwuI', 'User', 'Test', 'USER', 'gratuit', NULL, NULL, 0, 'email', NULL, NULL, '2025-12-22 22:43:45', '2025-12-22 22:43:45'),
(175, 'owner_08cd4829@test.local', '$argon2id$v=19$m=65536,t=4,p=1$MkxZTHBueFphUkszdjhlMA$4SW6Th4LEE63vsd1kvNQf9WkFucjs1+RaOJU7Z4bqxU', 'Owner', 'Test', 'OWNER', 'gratuit', NULL, NULL, 0, 'email', NULL, NULL, '2025-12-22 22:44:37', '2025-12-22 22:44:37'),
(176, 'owner_bc33cab0@test.local', '$argon2id$v=19$m=65536,t=4,p=1$dmxwS0xCY0o0WFAuYWV3dA$GGU6hood+TaCdNLKLmRBMWlW0WN5ESmzZ94GetiS5+g', 'Owner', 'Test', 'OWNER', 'gratuit', NULL, NULL, 0, 'email', NULL, NULL, '2025-12-22 22:44:38', '2025-12-22 22:44:38'),
(177, 'user_c7aa80d9@test.local', '$argon2id$v=19$m=65536,t=4,p=1$LkE3RFVka3RQaHhwVmJWTA$8tOQ3HjN/34dJEZ5QBoQPe/u9DI8Ula3wD8lt86co2E', 'User', 'Test', 'USER', 'gratuit', NULL, NULL, 0, 'email', NULL, NULL, '2025-12-22 22:44:38', '2025-12-22 22:44:38'),
(178, 'user_flow_6949bc07dd26d2.56804168@test.local', '$argon2id$v=19$m=65536,t=4,p=1$Wk1pUnBlNzZWSjdtbGxjRw$ZQTElB0B4nd0yCaPZzUD1sKdZm7znxHKwjf+Fvw24oY', 'Flow', 'User', 'USER', 'gratuit', NULL, NULL, 0, 'email', NULL, NULL, '2025-12-22 22:45:44', '2025-12-22 22:45:44'),
(179, 'user_flow_6949bcd41555e1.52170158@test.local', '$argon2id$v=19$m=65536,t=4,p=1$bUVHWG9NaEdMOGs1ODBGMg$VgeNHx6ahqFs6MvYaTUmnTI8uxilvds6vIpJkPQONyk', 'Flow', 'User', 'USER', 'gratuit', NULL, NULL, 0, 'email', NULL, NULL, '2025-12-22 22:49:08', '2025-12-22 22:49:08'),
(180, 'owner_5b8f2a8b@test.local', '$argon2id$v=19$m=65536,t=4,p=1$aG81NGJwRHVOcTY2ZTBLSw$nLcHU1wn1zCycQskUQUpuym8C9cKHSOY6VCCncBP+qo', 'Owner', 'Test', 'OWNER', 'gratuit', NULL, NULL, 0, 'email', NULL, NULL, '2025-12-22 22:49:13', '2025-12-22 22:49:13'),
(181, 'owner_245968cf@test.local', '$argon2id$v=19$m=65536,t=4,p=1$M1kvbXZNOS5WYkswUFd4bA$BjP3YKle5rgSq7PGFAw9dnR0VzvJqzhpd6/UBmvmAu4', 'Owner', 'Test', 'OWNER', 'gratuit', NULL, NULL, 0, 'email', NULL, NULL, '2025-12-22 22:49:13', '2025-12-22 22:49:13'),
(182, 'user_a1bc92aa@test.local', '$argon2id$v=19$m=65536,t=4,p=1$cXFWVDVaSHJhYVk0Ljk1Rg$O4OlRFn4uNTZ3BA9kuAHkVbNP/MfxlItAjC0kNwLndA', 'User', 'Test', 'USER', 'gratuit', NULL, NULL, 0, 'email', NULL, NULL, '2025-12-22 22:49:14', '2025-12-22 22:49:14'),
(183, 'user_flow_6949bcda2cf7e1.87692097@test.local', '$argon2id$v=19$m=65536,t=4,p=1$M2JyOGVETTRxckVWaTBDZA$SJqVWvJS6ifynddq2D595fFruLArcljMs+ihrDkYrs0', 'Flow', 'User', 'USER', 'gratuit', NULL, NULL, 0, 'email', NULL, NULL, '2025-12-22 22:49:14', '2025-12-22 22:49:14'),
(184, 'owner_f064282e@test.local', '$argon2id$v=19$m=65536,t=4,p=1$cFBwRVZZWHJiQUpsRUR3MQ$D4qTiqIEfpCaYOTYJr2Bx4CwYlgxPjFifa/6s47yLao', 'Owner', 'Test', 'OWNER', 'gratuit', NULL, NULL, 0, 'email', NULL, NULL, '2025-12-22 22:49:20', '2025-12-22 22:49:20'),
(185, 'owner_a5b1ec98@test.local', '$argon2id$v=19$m=65536,t=4,p=1$ZncyS2lVeHcybFhRMnVabg$QfXDmTDhmcLOY6cpDbPgptP9rWExRK7K9LPCrt5bvS4', 'Owner', 'Test', 'OWNER', 'gratuit', NULL, NULL, 0, 'email', NULL, NULL, '2025-12-22 22:49:25', '2025-12-22 22:49:25'),
(186, 'user_2b132707@test.local', '$argon2id$v=19$m=65536,t=4,p=1$MEU4a3Uyb2tJMGVycTlpaw$ke5siKcvq+qEPokxgtf5crhBh0+ltPPZDfpXVuqWj4g', 'User', 'Test', 'USER', 'gratuit', NULL, NULL, 0, 'email', NULL, NULL, '2025-12-22 22:49:25', '2025-12-22 22:49:25'),
(187, 'user_flow_6949bce57cfbd2.65661369@test.local', '$argon2id$v=19$m=65536,t=4,p=1$UzBxdU5FOGVWdU5YQjR5Sg$kwHkW7wb38RjktyDAUG23b0AJiVKkVz08uDkzBkQD7Q', 'Flow', 'User', 'USER', 'gratuit', NULL, NULL, 0, 'email', NULL, NULL, '2025-12-22 22:49:25', '2025-12-22 22:49:25'),
(188, 'owner_76a8c374@test.local', '$argon2id$v=19$m=65536,t=4,p=1$ZEJUbmF0ZHFiZnRRSmJibg$NnL+oiYo4FnrfFUOEj1nDtOG6/uFKhUHJmtkKghdQCE', 'Owner', 'Test', 'OWNER', 'gratuit', NULL, NULL, 0, 'email', NULL, NULL, '2025-12-22 22:53:44', '2025-12-22 22:53:44'),
(189, 'owner_651416bc@test.local', '$argon2id$v=19$m=65536,t=4,p=1$Q3FYREdsbDNXb3hWeVhyTA$WQpMNwaRHkugR29lXt9owA+CjzKO6agWVeANeLO0nso', 'Owner', 'Test', 'OWNER', 'gratuit', NULL, NULL, 0, 'email', NULL, NULL, '2025-12-22 22:53:48', '2025-12-22 22:53:48'),
(190, 'user_91becc26@test.local', '$argon2id$v=19$m=65536,t=4,p=1$RnJhTDB0bnkxY0hCYXkzcw$lzIfqXrj4LrNPSbiyxQLGDNpSwIZ8i4vlg6KDUIJcR4', 'User', 'Test', 'USER', 'gratuit', NULL, NULL, 0, 'email', NULL, NULL, '2025-12-22 22:53:48', '2025-12-22 22:53:48'),
(191, 'user_flow_6949bdecdecba2.82163203@test.local', '$argon2id$v=19$m=65536,t=4,p=1$cDdFLkJUSnVJRDNYTXRKOQ$dEQO8qde0Bb1JZnApVgOal96UwsB63Uxk4fQWZHiNVk', 'Flow', 'User', 'USER', 'gratuit', NULL, NULL, 0, 'email', NULL, NULL, '2025-12-22 22:53:49', '2025-12-22 22:53:49'),
(192, 'owner_8dd96acb@test.local', '$argon2id$v=19$m=65536,t=4,p=1$NHFYUHV1WjI0UzN4SFpuSg$moP+DAoVR6wBlHU8Eo1PqoS8PzCIq8g097m1qQNffbs', 'Owner', 'Test', 'OWNER', 'gratuit', NULL, NULL, 0, 'email', NULL, NULL, '2025-12-22 23:01:46', '2025-12-22 23:01:46'),
(193, 'owner_e2372056@test.local', '$argon2id$v=19$m=65536,t=4,p=1$UGREamtwU3hzUS9QcGxlNw$PPPJ0A0Wxwj1b0tOOeA4BGaYGExM5i7M2wCIE1sfnXA', 'Owner', 'Test', 'OWNER', 'gratuit', NULL, NULL, 0, 'email', NULL, NULL, '2025-12-22 23:01:46', '2025-12-22 23:01:46'),
(194, 'user_cebb38f2@test.local', '$argon2id$v=19$m=65536,t=4,p=1$WFZ2UktwcE11ZC9jbFhMUw$0tSQMuZXQ9lAZ+vs841SKgm5BszfoBWOLLv3Nj4LJcc', 'User', 'Test', 'USER', 'gratuit', NULL, NULL, 0, 'email', NULL, NULL, '2025-12-22 23:01:46', '2025-12-22 23:01:46'),
(195, 'user_flow_6949bfcab72761.12776674@test.local', '$argon2id$v=19$m=65536,t=4,p=1$MWI0c1Y1bDdTQy93cFliUw$FBhqu2J/f8YY9WdfM3E9+/d/FMoWSGFZu7jenjC5nMc', 'Flow', 'User', 'USER', 'gratuit', NULL, NULL, 0, 'email', NULL, NULL, '2025-12-22 23:01:46', '2025-12-22 23:01:46'),
(196, 'owner_ec272e5e@test.local', '$argon2id$v=19$m=65536,t=4,p=1$eTA4SFA1RmtDY2N6SWhTdw$+8rdWXhJjfQ+IF0OXe7vnALKHj+yQcoXlWhIKK3oaSY', 'Owner', 'Test', 'OWNER', 'gratuit', NULL, NULL, 0, 'email', NULL, NULL, '2025-12-22 23:03:18', '2025-12-22 23:03:18'),
(197, 'owner_f3dd27dd@test.local', '$argon2id$v=19$m=65536,t=4,p=1$SEF0NjhVeUJ2R2doWThsVg$S9/ykhGppNYbn1yjhlmmedSiFPkVoktYK5/6kKCty8o', 'Owner', 'Test', 'OWNER', 'gratuit', NULL, NULL, 0, 'email', NULL, NULL, '2025-12-22 23:03:23', '2025-12-22 23:03:23'),
(198, 'user_43bb5a34@test.local', '$argon2id$v=19$m=65536,t=4,p=1$d3h0dVdvNVF4R3BKcmV4aw$gQN10s+ytOXgB0i1wInQVkvzQtB+HJu/uvx15C5zPds', 'User', 'Test', 'USER', 'gratuit', NULL, NULL, 0, 'email', NULL, NULL, '2025-12-22 23:03:23', '2025-12-22 23:03:23'),
(199, 'user_flow_6949c02b9c5c84.77894031@test.local', '$argon2id$v=19$m=65536,t=4,p=1$Snh1d2EyNFF5OTh4NTZBOA$72JBGfWRaev80MH/0kOlIuPn/ZLb847bzaTI+ZrZ7Jw', 'Flow', 'User', 'USER', 'gratuit', NULL, NULL, 0, 'email', NULL, NULL, '2025-12-22 23:03:23', '2025-12-22 23:03:23'),
(200, 'user_flow_6949c05ae0ec94.91182202@test.local', '$argon2id$v=19$m=65536,t=4,p=1$MUZWelhlVFRiS1oxTlREcQ$bgGCPdYvmhV4L45VHWWjDP47bNtMOBrzd/p6w0vV8hI', 'Flow', 'User', 'USER', 'gratuit', NULL, NULL, 0, 'email', NULL, NULL, '2025-12-22 23:04:11', '2025-12-22 23:04:11'),
(201, 'user_3ad4500e@test.local', '$argon2id$v=19$m=65536,t=4,p=1$aFhYRC90N3ZrSFNZSkZYdA$0REWjjO2Uxmtmo41SEnJuMsjsccdfQ6H72NC5alQeOI', 'User', 'Test', 'USER', 'gratuit', NULL, NULL, 0, 'email', NULL, NULL, '2025-12-22 23:04:39', '2025-12-22 23:04:39'),
(202, 'owner_8385c26d@test.local', '$argon2id$v=19$m=65536,t=4,p=1$UTJtc2dMNDJNdDJSZy5wcw$UUkcLaGib6sg5ufLJ2X7nm1djPutE8TvsKNm+2FQ/BY', 'Owner', 'Test', 'OWNER', 'gratuit', NULL, NULL, 0, 'email', NULL, NULL, '2025-12-22 23:04:48', '2025-12-22 23:04:48');
INSERT INTO `users` (`id`, `email`, `password_hash`, `firstname`, `lastname`, `role`, `type_abonnement`, `debut_abonnement`, `fin_abonnement`, `two_factor_enabled`, `two_factor_method`, `two_factor_last_code`, `two_factor_expires_at`, `created_at`, `updated_at`) VALUES
(203, 'owner_a30db756@test.local', '$argon2id$v=19$m=65536,t=4,p=1$N1JVL3A5TGN5bUp1QWljbw$QwjHFwjNlUoifUJ3YKtJ05Bcz3oz635VVb5Npx5igqk', 'Owner', 'Test', 'OWNER', 'gratuit', NULL, NULL, 0, 'email', NULL, NULL, '2025-12-22 23:04:48', '2025-12-22 23:04:48'),
(204, 'user_15ca4d9e@test.local', '$argon2id$v=19$m=65536,t=4,p=1$SFo5LmNLTzBaOHlvbzNiVg$dHRIMcY7k3OYEb3MKGeRCRk8zXGlO6Vg+gDmUA+bjE8', 'User', 'Test', 'USER', 'gratuit', NULL, NULL, 0, 'email', NULL, NULL, '2025-12-22 23:04:48', '2025-12-22 23:04:48'),
(205, 'user_flow_6949c0808a8e85.45381359@test.local', '$argon2id$v=19$m=65536,t=4,p=1$U0VQaW8wN0thWEs1LjBmdQ$y1bsoGuH7VfwOnWGcMeuM8nwFjYdjme2N947hBLDyfI', 'Flow', 'User', 'USER', 'gratuit', NULL, NULL, 0, 'email', NULL, NULL, '2025-12-22 23:04:48', '2025-12-22 23:04:48'),
(206, 'owner_808ccecf@test.local', '$argon2id$v=19$m=65536,t=4,p=1$ci9xN1NXclpzUjZWYWRqaw$JUl64eobnGlOti5SwgCrV9HK743nfQO/QgW2/hmQzt0', 'Owner', 'Test', 'OWNER', 'gratuit', NULL, NULL, 0, 'email', NULL, NULL, '2025-12-22 23:06:57', '2025-12-22 23:06:57'),
(207, 'owner_7fc586f5@test.local', '$argon2id$v=19$m=65536,t=4,p=1$VjdaR3plWGs5TUpJelJwaw$7mJc/gqdjsPPvyogq6sh11kC2nSp3tTEUxqovoK9DrM', 'Owner', 'Test', 'OWNER', 'gratuit', NULL, NULL, 0, 'email', NULL, NULL, '2025-12-22 23:06:57', '2025-12-22 23:06:57'),
(208, 'user_182aeda6@test.local', '$argon2id$v=19$m=65536,t=4,p=1$eTJOWTlUaWkwcWd1bTRRZQ$KhZ9PagFC881u/sAAaTyKTX04Ba8cDYBW3ofntJ8du4', 'User', 'Test', 'USER', 'gratuit', NULL, NULL, 0, 'email', NULL, NULL, '2025-12-22 23:06:57', '2025-12-22 23:06:57'),
(209, 'user_flow_6949c101996fb3.56221216@test.local', '$argon2id$v=19$m=65536,t=4,p=1$UjJpUTRMN2szYTN6cTNGWA$tfIC6WVMLYQedaR4zm5EE46tGANB6zV4BNmYu1Wn7kE', 'Flow', 'User', 'USER', 'gratuit', NULL, NULL, 0, 'email', NULL, NULL, '2025-12-22 23:06:57', '2025-12-22 23:06:57'),
(210, 'owner_83499e29@test.local', '$argon2id$v=19$m=65536,t=4,p=1$YnRwMTBjc0IwdHBmaUlSOA$s15ftLMJy/c6aexOFQ3tBFXYxU2BwTWY0x81SPPd+4U', 'Owner', 'Test', 'OWNER', 'gratuit', NULL, NULL, 0, 'email', NULL, NULL, '2025-12-22 23:07:47', '2025-12-22 23:07:47'),
(211, 'owner_94668d2b@test.local', '$argon2id$v=19$m=65536,t=4,p=1$STFuVDF5ekFsMXU4UVBDcQ$MXmw0qec0jlzmd9a4gk/xJZB8cYEshQPCTpb0Wvv4Hg', 'Owner', 'Test', 'OWNER', 'gratuit', NULL, NULL, 0, 'email', NULL, NULL, '2025-12-22 23:07:47', '2025-12-22 23:07:47'),
(212, 'user_ae5c8a2a@test.local', '$argon2id$v=19$m=65536,t=4,p=1$Y0IzSkY5OUFKdHlqaFRkWg$eqQOHxHONksoobm5/bv3RBlBDc43ptIzqnzBMREbqlI', 'User', 'Test', 'USER', 'gratuit', NULL, NULL, 0, 'email', NULL, NULL, '2025-12-22 23:07:48', '2025-12-22 23:07:48'),
(213, 'user_flow_6949c134093ff2.01574427@test.local', '$argon2id$v=19$m=65536,t=4,p=1$TGlEbDM3R1JZVnpMOU94Nw$uQJX+jeiBmljxGzC2Jw/NJRVSerw5co7kiVThPKw/Ys', 'Flow', 'User', 'USER', 'gratuit', NULL, NULL, 0, 'email', NULL, NULL, '2025-12-22 23:07:48', '2025-12-22 23:07:48'),
(214, 'owner_891949eb@test.local', '$argon2id$v=19$m=65536,t=4,p=1$dUJ4OWFHbk4wamxpeVBaMQ$8q1pr5SZu2drEncqbnzwdZssDiIOonhE+8Q/y97UbzU', 'Owner', 'Test', 'OWNER', 'gratuit', NULL, NULL, 0, 'email', NULL, NULL, '2025-12-22 23:09:34', '2025-12-22 23:09:34'),
(215, 'owner_3b098be7@test.local', '$argon2id$v=19$m=65536,t=4,p=1$amZvSFZMYW5aS21SSFM0Mg$lSVaCHv3nJN/3oyqevyqpR9pLLd42P9o91cE+O0KxTM', 'Owner', 'Test', 'OWNER', 'gratuit', NULL, NULL, 0, 'email', NULL, NULL, '2025-12-22 23:09:39', '2025-12-22 23:09:39'),
(216, 'user_4d57438a@test.local', '$argon2id$v=19$m=65536,t=4,p=1$VHk3djVDamVPbi9ZRVRLSw$ycsHKev019sLAF1zlo3y+nrSCaRmpm2mi2jiCBdeRoA', 'User', 'Test', 'USER', 'gratuit', NULL, NULL, 0, 'email', NULL, NULL, '2025-12-22 23:09:39', '2025-12-22 23:09:39'),
(217, 'user_flow_6949c1a3866678.42418807@test.local', '$argon2id$v=19$m=65536,t=4,p=1$OG4vTk4zN0F6RW91dzRuSg$kj17NH2qeHdxZ2XTQX0YW4zImYyXVDOBG14SyUiqASQ', 'Flow', 'User', 'USER', 'gratuit', NULL, NULL, 0, 'email', NULL, NULL, '2025-12-22 23:09:39', '2025-12-22 23:09:39'),
(218, 'user1@test.local', '$argon2id$v=19$m=65536,t=4,p=1$LjNQMnFwUUl6cDE5Y2xaRg$ULQxLvI3ynf4boFDqBpCt4E7QiId0n7ApnD+EPJvvfE', 'User', 'One', 'USER', 'gratuit', NULL, NULL, 0, 'email', NULL, NULL, '2025-12-22 23:15:12', '2025-12-22 23:15:12'),
(219, 'owner1@test.local', '$argon2id$v=19$m=65536,t=4,p=1$cldnd0hQU1BxeEp1SXRTVQ$N3qhGcwWw+pGf2tvgWSXEvHmuJTRHyYfGskRgNhoHoM', 'Owner', 'One', 'OWNER', 'gratuit', NULL, NULL, 0, 'email', NULL, NULL, '2025-12-22 23:15:39', '2025-12-22 23:15:39'),
(220, 'user.siriphol@gmail.com', '$argon2id$v=19$m=65536,t=4,p=1$NmpiZ2RhM3h4MURRVXI1VA$rm5LAOclGgXtE9dQ37lwvXdwVoFIUOC9kQKuXcunSBo', 'Dany', 'Siriphol', 'USER', 'gratuit', NULL, NULL, 0, 'email', NULL, NULL, '2025-12-22 23:38:30', '2025-12-22 23:38:30'),
(221, 'owner.siriphol@gmail.com', '$argon2id$v=19$m=65536,t=4,p=1$TkhiSTRRQnNHVi5TbzM3cw$U4ubo6CCJP1Yiz6ePor9hGvK4sKbW1hjkIZw6Wmh6iE', 'Dany', 'Siriphol', 'OWNER', 'gratuit', NULL, NULL, 0, 'email', NULL, NULL, '2025-12-22 23:39:40', '2025-12-22 23:39:40');

--
-- Index pour les tables déchargées
--

--
-- Index pour la table `parkings`
--
ALTER TABLE `parkings`
  ADD PRIMARY KEY (`id`),
  ADD KEY `idx_owner` (`owner_id`),
  ADD KEY `idx_location` (`latitude`,`longitude`);

--
-- Index pour la table `reservations`
--
ALTER TABLE `reservations`
  ADD PRIMARY KEY (`id`),
  ADD KEY `idx_user` (`user_id`),
  ADD KEY `idx_parking` (`parking_id`),
  ADD KEY `idx_dates` (`start_at`,`end_at`),
  ADD KEY `idx_statut` (`statut`),
  ADD KEY `idx_user_dates` (`user_id`,`start_at`,`end_at`);

--
-- Index pour la table `stationnements`
--
ALTER TABLE `stationnements`
  ADD PRIMARY KEY (`id`),
  ADD KEY `idx_reservation_id` (`reservation_id`),
  ADD KEY `idx_active` (`exited_at`);

--
-- Index pour la table `subscriptions`
--
ALTER TABLE `subscriptions`
  ADD PRIMARY KEY (`id`),
  ADD KEY `idx_sub_parking` (`parking_id`),
  ADD KEY `idx_sub_user` (`user_id`);

--
-- Index pour la table `users`
--
ALTER TABLE `users`
  ADD PRIMARY KEY (`id`),
  ADD UNIQUE KEY `email` (`email`),
  ADD KEY `idx_email` (`email`),
  ADD KEY `idx_role` (`role`);

--
-- AUTO_INCREMENT pour les tables déchargées
--

--
-- AUTO_INCREMENT pour la table `parkings`
--
ALTER TABLE `parkings`
  MODIFY `id` bigint(20) NOT NULL AUTO_INCREMENT, AUTO_INCREMENT=96;

--
-- AUTO_INCREMENT pour la table `reservations`
--
ALTER TABLE `reservations`
  MODIFY `id` bigint(20) NOT NULL AUTO_INCREMENT, AUTO_INCREMENT=2323;

--
-- AUTO_INCREMENT pour la table `stationnements`
--
ALTER TABLE `stationnements`
  MODIFY `id` bigint(20) NOT NULL AUTO_INCREMENT, AUTO_INCREMENT=3312;

--
-- AUTO_INCREMENT pour la table `subscriptions`
--
ALTER TABLE `subscriptions`
  MODIFY `id` bigint(20) NOT NULL AUTO_INCREMENT, AUTO_INCREMENT=10;

--
-- AUTO_INCREMENT pour la table `users`
--
ALTER TABLE `users`
  MODIFY `id` bigint(20) NOT NULL AUTO_INCREMENT, AUTO_INCREMENT=222;

--
-- Contraintes pour les tables déchargées
--

--
-- Contraintes pour la table `parkings`
--
ALTER TABLE `parkings`
  ADD CONSTRAINT `parkings_ibfk_1` FOREIGN KEY (`owner_id`) REFERENCES `users` (`id`) ON DELETE CASCADE;

--
-- Contraintes pour la table `reservations`
--
ALTER TABLE `reservations`
  ADD CONSTRAINT `reservations_ibfk_1` FOREIGN KEY (`user_id`) REFERENCES `users` (`id`) ON DELETE CASCADE,
  ADD CONSTRAINT `reservations_ibfk_2` FOREIGN KEY (`parking_id`) REFERENCES `parkings` (`id`) ON DELETE CASCADE;

--
-- Contraintes pour la table `stationnements`
--
ALTER TABLE `stationnements`
  ADD CONSTRAINT `fk_stationnements_reservation` FOREIGN KEY (`reservation_id`) REFERENCES `reservations` (`id`) ON DELETE CASCADE;
COMMIT;

/*!40101 SET CHARACTER_SET_CLIENT=@OLD_CHARACTER_SET_CLIENT */;
/*!40101 SET CHARACTER_SET_RESULTS=@OLD_CHARACTER_SET_RESULTS */;
/*!40101 SET COLLATION_CONNECTION=@OLD_COLLATION_CONNECTION */;
